date,duration(min)
2017-12-25 06:10:00 PM,680
2017-12-25 12:18:00 PM,79
2017-12-25 07:32:00 AM,92
2017-12-24 06:32:00 PM,653
2017-12-24 02:34:00 PM,73
2017-12-24 08:32:00 AM,131
2017-12-24 12:31:00 AM,335
2017-12-23 06:53:00 PM,263
2017-12-23 01:56:00 PM,68
2017-12-23 08:14:00 AM,88
2017-12-22 06:34:00 PM,655
2017-12-22 11:56:00 AM,84
2017-12-21 06:23:00 PM,733
2017-12-21 11:30:00 AM,45
2017-12-20 06:03:00 PM,772
2017-12-20 11:26:00 AM,35
2017-12-19 05:51:00 PM,783
2017-12-19 01:18:00 PM,48
2017-12-19 08:47:00 AM,85
2017-12-19 04:00:00 AM,150
2017-12-18 06:30:00 PM,506
2017-12-18 01:20:00 PM,90
2017-12-18 09:20:00 AM,40
2017-12-17 06:18:00 PM,720
2017-12-17 12:41:00 PM,92
2017-12-17 08:26:00 AM,40
2017-12-16 11:18:00 PM,402
2017-12-16 06:28:00 PM,209
2017-12-16 12:10:00 PM,84
2017-12-16 08:13:00 AM,47
2017-12-15 06:14:00 PM,676
2017-12-15 11:26:00 AM,83
2017-12-15 04:31:00 AM,90
2017-12-14 06:18:00 PM,577
2017-12-14 11:30:00 AM,60
2017-12-13 06:26:00 PM,674
2017-12-13 11:50:00 AM,84
2017-12-12 07:16:00 PM,628
2017-12-12 03:14:00 PM,40
2017-12-12 08:51:00 AM,95
2017-12-11 06:17:00 PM,693
2017-12-11 02:12:00 PM,28
2017-12-11 08:47:00 AM,81
2017-12-11 02:33:00 AM,237
2017-12-10 06:05:00 PM,492
2017-12-10 12:15:00 PM,85
2017-12-10 08:55:00 AM,41
2017-12-10 06:09:00 AM,15
2017-12-10 04:35:00 AM,58
2017-12-10 03:20:00 AM,18
2017-12-10 03:05:00 AM,14
2017-12-09 06:11:00 PM,529
2017-12-09 11:52:00 AM,118
2017-12-09 08:09:00 AM,45
2017-12-08 11:53:00 PM,298
2017-12-08 06:23:00 PM,329
2017-12-08 11:35:00 AM,114
2017-12-07 06:24:00 PM,690
2017-12-07 11:46:00 AM,60
2017-12-07 07:31:00 AM,46
2017-12-06 06:05:00 PM,640
2017-12-06 11:18:00 AM,57
2017-12-05 07:10:00 PM,575
2017-12-05 01:56:00 PM,87
2017-12-05 09:09:00 AM,63
2017-12-04 10:31:00 PM,446
2017-12-04 05:47:00 PM,253
2017-12-04 11:02:00 AM,84
2017-12-04 07:12:00 AM,47
2017-12-03 06:54:00 PM,592
2017-12-03 06:47:00 PM,3
2017-12-03 06:39:00 PM,7
2017-12-03 01:11:00 PM,89
2017-12-03 08:04:00 AM,113
2017-12-02 06:35:00 PM,665
2017-12-02 01:45:00 PM,82
2017-12-02 09:04:00 AM,91
2017-12-02 01:48:00 AM,300
2017-12-01 06:26:00 PM,381
2017-12-01 11:25:00 AM,95
2017-11-30 06:31:00 PM,674
2017-11-30 11:26:00 AM,95
2017-11-29 06:30:00 PM,677
2017-11-29 11:20:00 AM,81
2017-11-28 06:14:00 PM,736
2017-11-28 12:11:00 PM,60
2017-11-27 06:36:00 PM,708
2017-11-27 02:21:00 PM,48
2017-11-27 09:32:00 AM,98
2017-11-27 05:39:00 AM,84
2017-11-26 06:35:00 PM,644
2017-11-26 01:37:00 PM,85
2017-11-26 08:34:00 AM,99
2017-11-25 06:14:00 PM,706
2017-11-25 12:22:00 PM,81
2017-11-25 08:00:00 AM,60
2017-11-25 05:30:00 AM,40
2017-11-25 04:25:00 AM,12
2017-11-25 04:15:00 AM,46
2017-11-25 03:33:00 AM,10
2017-11-24 06:32:00 PM,494
2017-11-24 11:46:00 AM,95
2017-11-24 07:24:00 AM,71
2017-11-24 07:08:00 AM,9
2017-11-23 06:16:00 PM,661
2017-11-23 11:40:00 AM,75
2017-11-23 06:43:00 AM,37
2017-11-22 06:56:00 PM,595
2017-11-22 04:04:00 PM,57
2017-11-22 12:58:00 PM,44
2017-11-22 08:45:00 AM,95
2017-11-22 02:32:00 AM,230
2017-11-21 06:51:00 PM,450
2017-11-21 03:23:00 PM,62
2017-11-21 09:28:00 AM,128
2017-11-21 02:00:00 AM,273
2017-11-20 06:14:00 PM,440
2017-11-20 11:58:00 AM,97
2017-11-20 08:15:00 AM,45
2017-11-19 06:23:00 PM,688
2017-11-19 05:50:00 PM,31
2017-11-19 12:07:00 PM,111
2017-11-19 08:26:00 AM,65
2017-11-19 07:56:00 AM,26
2017-11-18 07:33:00 PM,587
2017-11-18 05:50:00 PM,101
2017-11-18 01:52:00 PM,30
2017-11-18 01:10:00 PM,35
2017-11-18 09:02:00 AM,36
2017-11-17 08:48:00 PM,538
2017-11-17 06:53:00 PM,103
2017-11-17 06:33:00 PM,15
2017-11-17 06:04:00 PM,28
2017-11-17 02:17:00 PM,34
2017-11-17 11:08:00 AM,43
2017-11-17 07:54:00 AM,65
2017-11-16 06:25:00 PM,670
2017-11-16 11:30:00 AM,56
2017-11-16 07:35:00 AM,72
2017-11-16 06:14:00 AM,12
2017-11-16 04:39:00 AM,54
2017-11-16 01:37:00 AM,176
2017-11-16 01:10:00 AM,7
2017-11-16 12:41:00 AM,6
2017-11-16 12:02:00 AM,33
2017-11-15 11:17:00 PM,15
2017-11-15 06:25:00 PM,288
2017-11-15 06:08:00 PM,11
2017-11-15 03:42:00 PM,14
2017-11-15 11:33:00 AM,62
2017-11-15 07:44:00 AM,50
2017-11-14 06:30:00 PM,660
2017-11-14 03:47:00 PM,45
2017-11-14 12:13:00 PM,37
2017-11-14 07:27:00 AM,92
2017-11-14 04:41:00 AM,50
2017-11-13 06:30:00 PM,600
2017-11-13 01:29:00 PM,77
2017-11-13 08:37:00 AM,96
2017-11-12 06:55:00 PM,648
2017-11-12 02:29:00 PM,91
2017-11-12 10:24:00 AM,77
2017-11-12 06:37:00 AM,65
2017-11-11 06:39:00 PM,661
2017-11-11 02:06:00 PM,76
2017-11-11 08:48:00 AM,106
2017-11-10 06:59:00 PM,682
2017-11-10 06:46:00 PM,13
2017-11-10 11:45:00 AM,40
2017-11-10 07:16:00 AM,90
2017-11-10 01:52:00 AM,224
2017-11-09 06:03:00 PM,427
2017-11-09 12:01:00 PM,60
2017-11-08 05:57:00 PM,730
2017-11-08 11:45:00 AM,62
2017-11-07 06:56:00 PM,734
2017-11-07 01:27:00 PM,129
2017-11-07 08:30:00 AM,87
2017-11-06 07:06:00 PM,651
2017-11-06 03:01:00 PM,50
2017-11-06 10:34:00 AM,1
2017-11-06 10:16:00 AM,16
2017-11-06 06:46:00 AM,60
2017-11-05 07:05:00 PM,690
2017-11-05 04:11:00 PM,5
2017-11-05 03:05:00 PM,62
2017-11-05 10:53:00 AM,41
2017-11-05 05:46:00 AM,133
2017-11-05 05:06:00 AM,26
2017-11-04 06:05:00 PM,650
2017-11-04 01:13:00 PM,69
2017-11-04 09:17:00 AM,66
2017-11-03 06:35:00 PM,726
2017-11-03 02:01:00 PM,35
2017-11-03 09:50:00 AM,40
2017-11-02 06:42:00 PM,653
2017-11-02 12:01:00 PM,40
2017-11-02 07:04:00 AM,113
2017-11-01 06:19:00 PM,632
2017-11-01 11:50:00 AM,50
2017-10-31 06:30:00 PM,772
2017-10-31 12:23:00 PM,76
2017-10-31 07:53:00 AM,71
2017-10-31 07:48:00 AM,1
2017-10-30 07:25:00 PM,615
2017-10-30 04:14:00 PM,52
2017-10-30 11:30:00 AM,82
2017-10-29 06:40:00 PM,693
2017-10-29 01:51:00 PM,76
2017-10-29 09:16:00 AM,72
2017-10-29 05:05:00 AM,75
2017-10-28 06:36:00 PM,590
2017-10-28 01:18:00 PM,84
2017-10-28 09:16:00 AM,52
2017-10-28 05:38:00 AM,59
2017-10-28 05:15:00 AM,2
2017-10-28 04:55:00 AM,11
2017-10-27 06:26:00 PM,622
2017-10-27 11:20:00 AM,69
2017-10-26 06:34:00 PM,629
2017-10-26 11:51:00 AM,75
2017-10-26 06:00:00 AM,60
2017-10-26 02:20:00 AM,180
2017-10-25 07:05:00 PM,400
2017-10-25 06:41:00 PM,20
2017-10-25 10:14:00 AM,67
2017-10-24 06:15:00 PM,647
2017-10-24 10:40:00 AM,88
2017-10-24 05:47:00 AM,57
2017-10-24 05:06:00 AM,10
2017-10-23 06:53:00 PM,591
2017-10-23 02:10:00 PM,87
2017-10-23 08:48:00 AM,129
2017-10-22 06:23:00 PM,702
2017-10-22 01:03:00 PM,84
2017-10-22 10:02:00 AM,7
2017-10-22 09:48:00 AM,10
2017-10-22 05:46:00 AM,92
2017-10-21 09:35:00 PM,475
2017-10-21 08:31:00 PM,40
2017-10-21 06:30:00 PM,110
2017-10-21 01:26:00 PM,99
2017-10-21 09:06:00 AM,58
2017-10-21 09:06:00 AM,58
2017-10-21 05:23:00 AM,87
2017-10-20 06:31:00 PM,616
2017-10-20 12:27:00 PM,67
2017-10-20 05:29:00 AM,66
2017-10-19 06:28:00 PM,605
2017-10-19 10:45:00 AM,45
2017-10-18 07:04:00 PM,589
2017-10-18 02:38:00 PM,47
2017-10-18 07:37:00 AM,59
2017-10-18 05:27:00 AM,1
2017-10-18 05:10:00 AM,5
2017-10-17 07:52:00 PM,543
2017-10-17 04:19:00 PM,47
2017-10-17 10:57:00 AM,95
2017-10-17 07:21:00 AM,71
2017-10-17 03:45:00 AM,80
2017-10-16 06:08:00 PM,532
2017-10-16 11:14:00 AM,79
2017-10-16 07:36:00 AM,54
2017-10-16 05:23:00 AM,14
2017-10-16 04:19:00 AM,56
2017-10-15 07:28:00 PM,528
2017-10-15 03:41:00 PM,70
2017-10-15 11:39:00 AM,88
2017-10-15 07:38:00 AM,91
2017-10-15 04:00:00 AM,90
2017-10-14 06:18:00 PM,552
2017-10-14 12:00:00 PM,92
2017-10-14 07:38:00 AM,61
2017-10-13 07:16:00 PM,609
2017-10-13 05:06:00 PM,28
2017-10-13 12:55:00 PM,80
2017-10-13 08:30:00 AM,111
2017-10-13 01:29:00 AM,264
2017-10-12 06:15:00 PM,420
2017-10-12 01:12:00 PM,106
2017-10-12 08:51:00 AM,105
2017-10-12 04:21:00 AM,120
2017-10-11 06:39:00 PM,542
2017-10-11 06:25:00 PM,14
2017-10-11 01:57:00 PM,82
2017-10-11 09:36:00 AM,99
2017-10-11 06:37:00 AM,53
2017-10-10 07:01:00 PM,560
2017-10-10 03:01:00 PM,45
2017-10-10 09:51:00 AM,23
2017-10-09 06:30:00 PM,650
2017-10-09 12:00:00 PM,35
2017-10-08 06:33:00 PM,737
2017-10-08 12:08:00 PM,115
2017-10-08 08:30:00 AM,59
2017-10-08 05:15:00 AM,75
2017-10-07 10:15:00 PM,345
2017-10-07 06:18:00 PM,230
2017-10-07 12:10:00 PM,82
2017-10-07 07:31:00 AM,116
2017-10-06 06:31:00 PM,653
2017-10-06 10:30:00 AM,41
2017-10-05 06:47:00 PM,633
2017-10-05 12:45:00 PM,50
2017-10-05 07:15:00 AM,100
2017-10-04 06:26:00 PM,625
2017-10-04 10:51:00 AM,69
2017-10-03 06:16:00 PM,638
2017-10-03 12:38:00 PM,91
2017-10-03 08:17:00 AM,75
2017-10-02 06:15:00 PM,680
2017-10-02 02:30:00 PM,42
2017-10-02 12:26:00 PM,121
2017-10-02 08:46:00 AM,70
2017-10-02 06:21:00 AM,20
2017-10-02 06:01:00 AM,17
2017-10-02 03:45:00 AM,124
2017-10-01 05:46:00 PM,574
2017-10-01 12:59:00 PM,74
2017-10-01 08:28:00 AM,58
2017-10-01 05:53:00 AM,13
2017-09-30 07:30:00 PM,596
2017-09-30 03:29:00 PM,87
2017-09-30 10:38:00 AM,94
2017-09-30 06:46:00 AM,65
2017-09-29 06:27:00 PM,606
2017-09-29 01:45:00 PM,50
2017-09-29 06:55:00 AM,51
2017-09-28 05:38:00 PM,669
2017-09-28 11:40:00 AM,50
2017-09-27 07:41:00 PM,490
2017-09-27 04:15:00 PM,40
2017-09-27 10:11:00 AM,25
2017-09-26 06:02:00 PM,663
2017-09-26 11:45:00 AM,95
2017-09-26 07:40:00 AM,51
2017-09-25 07:05:00 PM,595
2017-09-25 04:30:00 PM,36
2017-09-25 12:20:00 PM,40
2017-09-25 11:33:00 AM,39
2017-09-25 07:51:00 AM,42
2017-09-24 06:01:00 PM,694
2017-09-24 01:22:00 PM,80
2017-09-24 08:45:00 AM,85
2017-09-24 03:58:00 AM,32
2017-09-23 05:36:00 PM,594
2017-09-23 05:21:00 PM,15
2017-09-23 12:57:00 PM,77
2017-09-23 08:15:00 AM,110
2017-09-23 01:47:00 AM,219
2017-09-22 05:40:00 PM,342
2017-09-22 12:40:00 PM,17
2017-09-22 09:20:00 AM,35
2017-09-21 06:11:00 PM,661
2017-09-21 11:55:00 AM,40
2017-09-21 07:06:00 AM,99
2017-09-21 01:48:00 AM,197
2017-09-21 12:53:00 AM,6
2017-09-20 05:46:00 PM,345
2017-09-20 11:40:00 AM,80
2017-09-20 08:41:00 AM,80
2017-09-19 06:23:00 PM,651
2017-09-19 03:20:00 PM,25
2017-09-19 10:36:00 AM,50
2017-09-18 05:52:00 PM,663
2017-09-18 02:17:00 PM,29
2017-09-18 09:46:00 AM,79
2017-09-18 04:31:00 AM,87
2017-09-18 04:05:00 AM,12
2017-09-18 04:05:00 AM,12
2017-09-17 05:00:00 PM,607
2017-09-17 11:47:00 AM,88
2017-09-17 08:15:00 AM,41
2017-09-17 04:25:00 AM,88
2017-09-17 03:31:00 AM,6
2017-09-16 06:03:00 PM,564
2017-09-16 05:49:00 PM,7
2017-09-16 01:25:00 PM,72
2017-09-16 08:45:00 AM,104
2017-09-16 06:05:00 AM,36
2017-09-15 05:16:00 PM,650
2017-09-15 09:46:00 AM,35
2017-09-15 03:45:00 AM,91
2017-09-15 03:34:00 AM,5
2017-09-14 05:32:00 PM,548
2017-09-14 09:46:00 AM,90
2017-09-13 05:19:00 PM,683
2017-09-13 12:02:00 PM,38
2017-09-13 09:17:00 AM,23
2017-09-13 02:48:00 AM,156
2017-09-13 02:36:00 AM,5
2017-09-13 02:29:00 AM,2
2017-09-13 02:18:00 AM,5
2017-09-13 02:01:00 AM,6
2017-09-12 06:24:00 PM,452
2017-09-12 01:51:00 PM,93
2017-09-12 10:02:00 AM,44
2017-09-12 06:37:00 AM,67
2017-09-11 06:21:00 PM,610
2017-09-11 01:42:00 PM,82
2017-09-11 10:24:00 AM,27
2017-09-11 06:19:00 AM,47
2017-09-10 06:26:00 PM,600
2017-09-10 03:39:00 PM,28
2017-09-10 03:12:00 PM,23
2017-09-10 02:54:00 PM,2
2017-09-10 11:14:00 AM,65
2017-09-10 07:15:00 AM,95
2017-09-10 03:53:00 AM,77
2017-09-09 06:10:00 PM,525
2017-09-09 02:31:00 PM,44
2017-09-09 01:45:00 PM,44
2017-09-09 10:32:00 AM,43
2017-09-09 10:18:00 AM,5
2017-09-09 06:56:00 AM,54
2017-09-08 05:14:00 PM,676
2017-09-08 09:07:00 AM,44
2017-09-08 01:59:00 AM,194
2017-09-08 01:02:00 AM,12
2017-09-07 05:41:00 PM,423
2017-09-07 01:01:00 PM,69
2017-09-07 06:02:00 AM,57
2017-09-06 05:41:00 PM,635
2017-09-06 11:45:00 AM,59
2017-09-06 01:06:00 AM,244
2017-09-05 06:01:00 PM,423
2017-09-05 01:48:00 PM,60
2017-09-05 10:24:00 AM,37
2017-09-05 09:48:00 AM,31
2017-09-05 05:29:00 AM,99
2017-09-05 02:03:00 AM,108
2017-09-04 05:15:00 PM,527
2017-09-04 11:46:00 AM,102
2017-09-04 08:16:00 AM,58
2017-09-04 05:50:00 AM,14
2017-09-04 05:11:00 AM,37
2017-09-04 03:58:00 AM,12
2017-09-03 05:59:00 PM,591
2017-09-03 02:28:00 PM,50
2017-09-03 08:24:00 AM,51
2017-09-03 05:07:00 AM,50
2017-09-02 04:41:00 PM,745
2017-09-02 11:46:00 AM,46
2017-09-02 11:02:00 AM,41
2017-09-02 07:54:00 AM,61
2017-09-02 04:44:00 AM,50
2017-09-02 04:31:00 AM,3
2017-09-02 04:27:00 AM,3
2017-09-02 03:59:00 AM,9
2017-09-01 08:54:00 PM,419
2017-09-01 05:45:00 PM,187
2017-09-01 01:53:00 PM,55
2017-09-01 01:31:00 PM,14
2017-09-01 10:43:00 AM,47
2017-09-01 10:31:00 AM,5
2017-09-01 06:41:00 AM,94
2017-09-01 03:17:00 AM,59
2017-09-01 02:50:00 AM,10
2017-09-01 02:38:00 AM,6
2017-08-31 05:42:00 PM,527
2017-08-31 01:36:00 PM,15
2017-08-31 12:29:00 PM,66
2017-08-31 06:33:00 AM,110
2017-08-31 06:21:00 AM,2
2017-08-31 04:35:00 AM,13
2017-08-30 05:40:00 PM,653
2017-08-30 02:13:00 PM,61
2017-08-30 10:25:00 AM,84
2017-08-30 07:10:00 AM,47
2017-08-30 06:59:00 AM,3
2017-08-30 06:50:00 AM,5
2017-08-30 03:08:00 AM,108
2017-08-30 02:37:00 AM,23
2017-08-30 01:55:00 AM,4
2017-08-30 12:23:00 AM,74
2017-08-29 04:55:00 PM,447
2017-08-29 01:06:00 PM,23
2017-08-29 09:23:00 AM,85
2017-08-29 06:26:00 AM,46
2017-08-29 04:37:00 AM,16
2017-08-28 05:50:00 PM,615
2017-08-28 01:55:00 PM,60
2017-08-28 10:27:00 AM,36
2017-08-28 07:15:00 AM,39
2017-08-28 05:10:00 AM,20
2017-08-28 04:02:00 AM,46
2017-08-28 03:11:00 AM,110
2017-08-27 05:07:00 PM,574
2017-08-27 11:05:00 AM,103
2017-08-27 07:07:00 AM,116
2017-08-27 05:05:00 AM,2
2017-08-27 04:32:00 AM,27
2017-08-27 04:01:00 AM,29
2017-08-27 03:57:00 AM,1
2017-08-26 05:46:00 PM,607
2017-08-26 11:26:00 AM,105
2017-08-26 07:56:00 AM,67
2017-08-26 05:23:00 AM,42
2017-08-25 05:13:00 PM,649
2017-08-25 09:25:00 AM,25
2017-08-25 06:10:00 AM,16
2017-08-24 06:06:00 PM,630
2017-08-24 02:00:00 PM,40
2017-08-24 09:01:00 AM,50
2017-08-23 06:41:00 PM,605
2017-08-23 03:41:00 PM,50
2017-08-23 10:10:00 AM,40
2017-08-22 06:49:00 PM,656
2017-08-22 03:17:00 PM,48
2017-08-22 10:46:00 AM,100
2017-08-22 10:20:00 AM,6
2017-08-22 07:00:00 AM,57
2017-08-21 06:24:00 PM,635
2017-08-21 03:07:00 PM,43
2017-08-21 11:11:00 AM,78
2017-08-21 06:53:00 AM,92
2017-08-20 08:51:00 PM,483
2017-08-20 06:27:00 PM,139
2017-08-20 03:59:00 PM,13
2017-08-20 02:44:00 PM,74
2017-08-20 10:54:00 AM,96
2017-08-20 07:44:00 AM,43
2017-08-20 02:19:00 AM,205
2017-08-19 06:04:00 PM,444
2017-08-19 02:28:00 PM,57
2017-08-19 10:19:00 AM,94
2017-08-19 07:17:00 AM,41
2017-08-18 05:29:00 PM,685
2017-08-18 10:30:00 AM,45
2017-08-17 06:44:00 PM,610
2017-08-17 03:31:00 PM,40
2017-08-17 09:11:00 AM,60
2017-08-17 05:20:00 AM,43
2017-08-16 05:18:00 PM,634
2017-08-16 10:20:00 AM,85
2017-08-15 11:58:00 PM,347
2017-08-15 06:17:00 PM,326
2017-08-15 01:59:00 PM,65
2017-08-15 09:39:00 AM,90
2017-08-15 06:43:00 AM,38
2017-08-14 06:39:00 PM,597
2017-08-14 02:54:00 PM,78
2017-08-14 11:01:00 AM,76
2017-08-14 07:13:00 AM,86
2017-08-13 06:12:00 PM,671
2017-08-13 06:05:00 PM,3
2017-08-13 06:00:00 PM,1
2017-08-13 02:44:00 PM,70
2017-08-13 10:40:00 AM,84
2017-08-13 07:21:00 AM,55
2017-08-12 06:14:00 PM,667
2017-08-12 03:03:00 PM,59
2017-08-12 10:33:00 AM,91
2017-08-12 07:23:00 AM,35
2017-08-11 10:46:00 PM,392
2017-08-11 05:22:00 PM,303
2017-08-11 11:52:00 AM,84
2017-08-11 09:00:00 AM,35
2017-08-10 05:19:00 PM,693
2017-08-10 10:01:00 AM,50
2017-08-10 02:55:00 AM,151
2017-08-09 06:47:00 PM,414
2017-08-09 03:25:00 PM,45
2017-08-09 10:00:00 AM,20
2017-08-09 04:37:00 AM,97
2017-08-08 05:37:00 PM,579
2017-08-08 12:40:00 PM,75
2017-08-08 08:50:00 AM,35
2017-08-08 04:47:00 AM,44
2017-08-08 04:28:00 AM,3
2017-08-07 06:14:00 PM,555
2017-08-07 03:11:00 PM,62
2017-08-07 10:00:00 AM,78
2017-08-07 07:11:00 AM,45
2017-08-07 03:27:00 AM,112
2017-08-06 05:50:00 PM,505
2017-08-06 02:06:00 PM,66
2017-08-06 10:23:00 AM,62
2017-08-06 07:13:00 AM,44
2017-08-05 06:00:00 PM,644
2017-08-05 01:31:00 PM,75
2017-08-05 09:47:00 AM,89
2017-08-05 07:01:00 AM,37
2017-08-05 01:06:00 AM,236
2017-08-04 05:58:00 PM,347
2017-08-04 12:31:00 PM,30
2017-08-04 05:36:00 AM,95
2017-08-04 04:02:00 AM,3
2017-08-03 06:26:00 PM,564
2017-08-03 04:59:00 PM,86
2017-08-03 09:30:00 AM,30
2017-08-03 06:23:00 AM,41
2017-08-02 06:29:00 PM,587
2017-08-02 02:56:00 PM,35
2017-08-02 09:45:00 AM,35
2017-08-01 05:37:00 PM,667
2017-08-01 01:22:00 PM,5
2017-08-01 12:45:00 PM,33
2017-08-01 12:31:00 PM,9
2017-08-01 09:21:00 AM,38
2017-08-01 08:42:00 AM,35
2017-07-31 05:22:00 PM,687
2017-07-31 01:47:00 PM,26
2017-07-31 10:28:00 AM,78
2017-07-31 06:38:00 AM,88
2017-07-30 05:28:00 PM,689
2017-07-30 12:19:00 PM,77
2017-07-30 08:36:00 AM,84
2017-07-30 04:34:00 AM,108
2017-07-29 05:46:00 PM,631
2017-07-29 01:22:00 PM,86
2017-07-29 09:23:00 AM,92
2017-07-29 06:20:00 AM,33
2017-07-28 05:44:00 PM,641
2017-07-27 06:16:00 PM,654
2017-07-27 02:20:00 PM,25
2017-07-27 09:16:00 AM,65
2017-07-27 04:14:00 AM,103
2017-07-26 06:02:00 PM,577
2017-07-26 12:56:00 PM,68
2017-07-26 09:16:00 AM,32
2017-07-25 06:13:00 PM,662
2017-07-25 02:11:00 PM,75
2017-07-25 11:23:00 AM,18
2017-07-25 10:20:00 AM,60
2017-07-25 07:03:00 AM,46
2017-07-25 06:42:00 AM,6
2017-07-25 04:56:00 AM,4
2017-07-24 07:06:00 PM,586
2017-07-24 06:08:00 PM,51
2017-07-24 02:46:00 PM,51
2017-07-24 10:51:00 AM,64
2017-07-24 10:28:00 AM,8
2017-07-24 07:33:00 AM,43
2017-07-24 07:09:00 AM,5
2017-07-23 05:52:00 PM,672
2017-07-23 02:36:00 PM,55
2017-07-23 11:26:00 AM,28
2017-07-23 11:15:00 AM,9
2017-07-23 10:06:00 AM,64
2017-07-23 07:00:00 AM,50
2017-07-22 06:26:00 PM,605
2017-07-22 02:26:00 PM,85
2017-07-22 10:38:00 AM,83
2017-07-22 07:13:00 AM,60
2017-07-21 05:38:00 PM,703
2017-07-21 01:06:00 PM,82
2017-07-21 09:24:00 AM,84
2017-07-21 06:43:00 AM,31
2017-07-20 05:50:00 PM,640
2017-07-20 12:27:00 PM,31
2017-07-20 08:49:00 AM,16
2017-07-19 05:50:00 PM,666
2017-07-19 03:32:00 PM,21
2017-07-19 09:30:00 AM,25
2017-07-19 05:42:00 AM,4
2017-07-18 06:23:00 PM,679
2017-07-18 04:49:00 PM,24
2017-07-18 09:46:00 AM,40
2017-07-17 06:04:00 PM,653
2017-07-17 02:43:00 PM,2
2017-07-17 01:47:00 PM,54
2017-07-17 11:05:00 AM,42
2017-07-17 10:33:00 AM,30
2017-07-17 07:44:00 AM,27
2017-07-17 04:54:00 AM,28
2017-07-16 05:33:00 PM,653
2017-07-16 11:35:00 AM,72
2017-07-16 08:13:00 AM,69
2017-07-16 05:01:00 AM,50
2017-07-15 05:53:00 PM,653
2017-07-15 01:35:00 PM,76
2017-07-15 10:24:00 AM,34
2017-07-15 06:21:00 AM,82
2017-07-14 06:34:00 PM,600
2017-07-14 04:23:00 PM,44
2017-07-14 10:10:00 AM,40
2017-07-14 05:53:00 AM,44
2017-07-13 06:08:00 PM,583
2017-07-13 04:35:00 PM,26
2017-07-13 11:31:00 AM,40
2017-07-13 06:36:00 AM,27
2017-07-12 05:57:00 PM,639
2017-07-12 11:38:00 AM,32
2017-07-11 05:53:00 PM,656
2017-07-11 01:46:00 PM,79
2017-07-11 10:48:00 AM,44
2017-07-11 07:23:00 AM,76
2017-07-11 04:25:00 AM,60
2017-07-10 06:21:00 PM,600
2017-07-10 05:23:00 PM,29
2017-07-10 01:07:00 PM,40
2017-07-10 09:19:00 AM,83
2017-07-10 06:44:00 AM,33
2017-07-09 05:44:00 PM,667
2017-07-09 02:11:00 PM,32
2017-07-09 10:31:00 AM,75
2017-07-09 07:47:00 AM,34
2017-07-09 04:50:00 AM,55
2017-07-08 05:56:00 PM,640
2017-07-08 01:17:00 PM,100
2017-07-08 09:36:00 AM,60
2017-07-08 07:02:00 AM,30
2017-07-07 05:50:00 PM,670
2017-07-07 01:00:00 PM,40
2017-07-07 08:35:00 AM,30
2017-07-07 04:02:00 AM,43
2017-07-06 06:03:00 PM,507
2017-07-06 01:51:00 PM,25
2017-07-06 09:30:00 AM,45
2017-07-05 05:46:00 PM,674
2017-07-05 04:19:00 PM,22
2017-07-05 12:26:00 PM,35
2017-07-05 08:40:00 AM,30
2017-07-04 06:21:00 PM,626
2017-07-04 01:06:00 PM,95
2017-07-04 10:04:00 AM,23
2017-07-04 07:11:00 AM,31
2017-07-03 05:46:00 PM,683
2017-07-03 12:47:00 PM,79
2017-07-03 09:52:00 AM,30
2017-07-03 06:44:00 AM,45
2017-07-02 05:49:00 PM,642
2017-07-02 02:53:00 PM,36
2017-07-02 12:02:00 PM,42
2017-07-02 09:24:00 AM,25
2017-07-02 06:51:00 AM,35
2017-07-01 06:35:00 PM,602
2017-07-01 03:47:00 PM,32
2017-07-01 11:56:00 AM,41
2017-07-01 07:00:00 AM,132
2017-07-01 04:02:00 AM,55
2017-06-30 06:20:00 PM,579
2017-06-30 05:53:00 PM,9
2017-06-30 04:29:00 PM,21
2017-06-30 11:46:00 AM,45
2017-06-29 06:38:00 PM,622
2017-06-29 04:25:00 PM,19
2017-06-29 11:56:00 AM,35
2017-06-29 05:52:00 AM,84
2017-06-28 05:45:00 PM,611
2017-06-28 12:51:00 PM,30
2017-06-28 08:30:00 AM,35
2017-06-28 04:18:00 AM,19
2017-06-27 05:51:00 PM,623
2017-06-27 12:09:00 PM,40
2017-06-27 09:11:00 AM,43
2017-06-27 06:11:00 AM,29
2017-06-26 05:55:00 PM,635
2017-06-26 12:49:00 PM,75
2017-06-26 09:44:00 AM,38
2017-06-26 06:45:00 AM,50
2017-06-26 04:21:00 AM,6
2017-06-25 06:23:00 PM,594
2017-06-25 02:47:00 PM,33
2017-06-25 10:42:00 AM,100
2017-06-25 07:00:00 AM,68
2017-06-24 06:03:00 PM,653
2017-06-24 03:20:00 PM,22
2017-06-24 11:02:00 AM,81
2017-06-24 06:46:00 AM,116
2017-06-23 06:08:00 PM,617
2017-06-23 04:28:00 PM,19
2017-06-23 11:21:00 AM,35
2017-06-23 08:05:00 AM,20
2017-06-22 06:18:00 PM,609
2017-06-22 03:45:00 PM,29
2017-06-22 11:55:00 AM,20
2017-06-22 07:35:00 AM,25
2017-06-21 06:26:00 PM,599
2017-06-21 01:13:00 PM,38
2017-06-21 10:00:00 AM,35
2017-06-20 05:43:00 PM,673
2017-06-20 01:01:00 PM,40
2017-06-20 08:55:00 AM,72
2017-06-19 08:27:00 PM,523
2017-06-19 06:38:00 PM,99
2017-06-19 01:51:00 PM,73
2017-06-19 10:16:00 AM,79
2017-06-19 06:51:00 AM,49
2017-06-18 06:10:00 PM,612
2017-06-18 06:07:00 PM,1
2017-06-18 02:17:00 PM,30
2017-06-18 10:08:00 AM,93
2017-06-18 06:59:00 AM,30
2017-06-17 06:39:00 PM,599
2017-06-17 03:21:00 PM,35
2017-06-17 11:22:00 AM,83
2017-06-17 07:54:00 AM,66
2017-06-16 06:59:00 PM,589
2017-06-16 03:26:00 PM,25
2017-06-16 08:35:00 AM,65
2017-06-15 06:00:00 PM,656
2017-06-15 02:15:00 PM,31
2017-06-15 10:31:00 AM,30
2017-06-14 07:00:00 PM,586
2017-06-14 03:15:00 PM,70
2017-06-14 08:41:00 AM,35
2017-06-13 06:44:00 PM,605
2017-06-13 03:07:00 PM,2
2017-06-13 02:32:00 PM,34
2017-06-13 01:56:00 PM,35
2017-06-13 12:55:00 PM,24
2017-06-13 09:04:00 AM,58
2017-06-13 02:24:00 AM,206
2017-06-12 06:28:00 PM,463
2017-06-12 03:02:00 PM,25
2017-06-12 03:00:00 PM,5
2017-06-12 12:12:00 PM,13
2017-06-12 11:01:00 AM,55
2017-06-12 07:13:00 AM,62
2017-06-11 06:49:00 PM,578
2017-06-11 02:28:00 PM,30
2017-06-11 12:04:00 PM,5
2017-06-11 07:55:00 AM,34
2017-06-11 04:46:00 AM,48
2017-06-10 06:59:00 PM,566
2017-06-10 03:47:00 PM,22
2017-06-10 12:10:00 PM,25
2017-06-10 09:01:00 AM,45
2017-06-10 06:22:00 AM,40
2017-06-09 10:46:00 PM,320
2017-06-09 06:35:00 PM,216
2017-06-09 03:11:00 PM,40
2017-06-09 08:26:00 AM,35
2017-06-08 11:25:00 PM,25
2017-06-08 05:56:00 PM,594
2017-06-08 01:50:00 PM,40
2017-06-08 10:36:00 AM,30
2017-06-08 07:06:00 AM,25
2017-06-07 11:15:00 PM,288
2017-06-07 06:41:00 PM,254
2017-06-07 12:46:00 PM,55
2017-06-07 09:10:00 AM,10
2017-06-07 05:37:00 AM,33
2017-06-06 07:50:00 PM,489
2017-06-06 02:26:00 PM,67
2017-06-06 11:33:00 AM,46
2017-06-06 11:07:00 AM,24
2017-06-06 08:10:00 AM,35
2017-06-06 05:35:00 AM,31
2017-06-06 03:41:00 AM,2
2017-06-05 06:17:00 PM,562
2017-06-05 03:11:00 PM,35
2017-06-05 12:38:00 PM,1
2017-06-05 12:02:00 PM,30
2017-06-05 09:11:00 AM,31
2017-06-05 06:26:00 AM,32
2017-06-04 06:00:00 PM,645
2017-06-04 01:20:00 PM,84
2017-06-04 09:34:00 AM,88
2017-06-04 06:44:00 AM,29
2017-06-04 04:19:00 AM,38
2017-06-03 06:34:00 PM,582
2017-06-03 03:42:00 PM,54
2017-06-03 12:03:00 PM,84
2017-06-03 09:01:00 AM,38
2017-06-03 06:16:00 AM,31
2017-06-02 06:21:00 PM,602
2017-06-02 03:30:00 PM,38
2017-06-02 11:35:00 AM,25
2017-06-02 06:02:00 AM,74
2017-06-01 06:55:00 PM,563
2017-06-01 04:32:00 PM,28
2017-06-01 03:40:00 PM,20
2017-06-01 12:12:00 PM,18
2017-06-01 08:31:00 AM,35
2017-05-31 07:16:00 PM,563
2017-05-31 04:53:00 PM,6
2017-05-31 04:29:00 PM,23
2017-05-31 11:56:00 AM,20
2017-05-31 06:50:00 AM,35
2017-05-30 06:30:00 PM,609
2017-05-30 03:40:00 PM,28
2017-05-30 12:42:00 PM,30
2017-05-30 09:31:00 AM,54
2017-05-30 07:00:00 AM,25
2017-05-29 08:20:00 PM,526
2017-05-29 06:34:00 PM,104
2017-05-29 02:30:00 PM,69
2017-05-29 11:18:00 AM,53
2017-05-29 10:52:00 AM,24
2017-05-29 07:29:00 AM,60
2017-05-28 06:33:00 PM,653
2017-05-28 02:29:00 PM,33
2017-05-28 02:20:00 PM,1
2017-05-28 10:45:00 AM,82
2017-05-28 08:01:00 AM,38
2017-05-28 05:10:00 AM,33
2017-05-27 06:38:00 PM,583
2017-05-27 03:22:00 PM,25
2017-05-27 12:07:00 PM,46
2017-05-27 08:29:00 AM,100
2017-05-27 05:54:00 AM,36
2017-05-26 06:53:00 PM,551
2017-05-26 04:07:00 PM,26
2017-05-26 11:51:00 AM,69
2017-05-26 06:15:00 AM,110
2017-05-25 06:19:00 PM,593
2017-05-25 11:50:00 AM,80
2017-05-25 08:51:00 AM,25
2017-05-24 06:58:00 PM,560
2017-05-24 04:23:00 PM,27
2017-05-24 12:16:00 PM,95
2017-05-24 09:12:00 AM,33
2017-05-24 06:36:00 AM,16
2017-05-23 07:02:00 PM,565
2017-05-23 03:55:00 PM,35
2017-05-23 12:37:00 PM,49
2017-05-23 09:58:00 AM,33
2017-05-23 06:31:00 AM,74
2017-05-22 06:11:00 PM,615
2017-05-22 01:34:00 PM,36
2017-05-22 09:46:00 AM,86
2017-05-22 06:16:00 AM,34
2017-05-21 06:25:00 PM,590
2017-05-21 12:49:00 PM,71
2017-05-21 09:23:00 AM,74
2017-05-21 06:11:00 AM,58
2017-05-21 01:41:00 AM,148
2017-05-20 06:10:00 PM,431
2017-05-20 12:22:00 PM,117
2017-05-20 11:52:00 AM,28
2017-05-20 09:43:00 AM,3
2017-05-20 08:56:00 AM,44
2017-05-20 06:22:00 AM,38
2017-05-19 08:28:00 PM,474
2017-05-19 06:12:00 PM,132
2017-05-19 01:16:00 PM,110
2017-05-19 10:05:00 AM,10
2017-05-18 06:40:00 PM,597
2017-05-18 03:57:00 PM,30
2017-05-18 11:41:00 AM,30
2017-05-18 08:30:00 AM,30
2017-05-17 07:01:00 PM,579
2017-05-17 04:35:00 PM,24
2017-05-17 12:26:00 PM,45
2017-05-17 09:00:00 AM,35
2017-05-16 10:05:00 PM,396
2017-05-16 06:33:00 PM,172
2017-05-16 03:20:00 PM,33
2017-05-16 12:39:00 PM,32
2017-05-16 09:46:00 AM,36
2017-05-16 07:01:00 AM,28
2017-05-15 08:43:00 PM,487
2017-05-15 06:07:00 PM,153
2017-05-15 01:20:00 PM,70
2017-05-15 09:21:00 AM,87
2017-05-15 06:32:00 AM,28
2017-05-14 08:44:00 PM,466
2017-05-14 06:56:00 PM,108
2017-05-14 03:24:00 PM,69
2017-05-14 12:44:00 PM,34
2017-05-14 09:06:00 AM,81
2017-05-14 06:29:00 AM,41
2017-05-13 06:30:00 PM,601
2017-05-13 01:28:00 PM,105
2017-05-13 09:39:00 AM,99
2017-05-13 07:01:00 AM,35
2017-05-12 06:10:00 PM,634
2017-05-12 02:51:00 PM,25
2017-05-12 10:50:00 AM,40
2017-05-11 06:49:00 PM,607
2017-05-11 03:15:00 PM,10
2017-05-11 12:01:00 PM,35
2017-05-11 09:25:00 AM,25
2017-05-10 07:25:00 PM,602
2017-05-10 04:27:00 PM,33
2017-05-10 11:26:00 AM,95
2017-05-10 08:45:00 AM,40
2017-05-10 02:44:00 AM,117
2017-05-09 07:15:00 PM,447
2017-05-09 04:27:00 PM,24
2017-05-09 01:33:00 PM,47
2017-05-09 01:04:00 PM,27
2017-05-09 10:01:00 AM,36
2017-05-09 07:05:00 AM,34
2017-05-08 06:57:00 PM,586
2017-05-08 04:10:00 PM,23
2017-05-08 01:13:00 PM,34
2017-05-08 09:43:00 AM,72
2017-05-08 06:35:00 AM,52
2017-05-07 06:40:00 PM,604
2017-05-07 02:02:00 PM,56
2017-05-07 10:17:00 AM,87
2017-05-07 06:53:00 AM,67
2017-05-06 07:29:00 PM,560
2017-05-06 04:42:00 PM,28
2017-05-06 04:39:00 PM,1
2017-05-06 01:49:00 PM,26
2017-05-06 01:25:00 PM,22
2017-05-06 10:16:00 AM,35
2017-05-06 06:38:00 AM,91
2017-05-06 04:19:00 AM,5
2017-05-05 08:09:00 PM,487
2017-05-05 07:55:00 PM,6
2017-05-05 06:12:00 PM,90
2017-05-05 01:17:00 PM,72
2017-05-05 09:30:00 AM,79
2017-05-05 06:50:00 AM,32
2017-05-04 06:33:00 PM,581
2017-05-04 03:06:00 PM,45
2017-05-04 10:45:00 AM,30
2017-05-04 08:16:00 AM,30
2017-05-03 06:49:00 PM,613
2017-05-03 02:01:00 PM,35
2017-05-03 10:56:00 AM,30
2017-05-03 08:20:00 AM,25
2017-05-02 06:19:00 PM,626
2017-05-02 02:53:00 PM,41
2017-05-02 10:42:00 AM,97
2017-05-02 06:45:00 AM,98
2017-05-01 06:18:00 PM,623
2017-05-01 03:13:00 PM,20
2017-05-01 12:01:00 PM,39
2017-05-01 08:58:00 AM,36
2017-05-01 06:25:00 AM,23
2017-04-30 06:26:00 PM,594
2017-04-30 12:36:00 PM,95
2017-04-30 12:00:00 PM,32
2017-04-30 09:11:00 AM,40
2017-04-30 06:26:00 AM,27
2017-04-29 06:31:00 PM,589
2017-04-29 01:21:00 PM,79
2017-04-29 08:30:00 AM,128
2017-04-29 05:50:00 AM,31
2017-04-29 05:47:00 AM,1
2017-04-28 06:51:00 PM,552
2017-04-28 04:30:00 PM,30
2017-04-28 11:50:00 AM,69
2017-04-28 08:36:00 AM,25
2017-04-28 06:56:00 AM,10
2017-04-27 06:10:00 PM,588
2017-04-27 02:50:00 PM,35
2017-04-27 10:46:00 AM,45
2017-04-27 07:50:00 AM,30
2017-04-26 06:40:00 PM,582
2017-04-26 05:00:00 PM,17
2017-04-26 11:46:00 AM,45
2017-04-26 07:51:00 AM,25
2017-04-25 06:25:00 PM,603
2017-04-25 03:34:00 PM,20
2017-04-25 12:00:00 PM,75
2017-04-25 08:21:00 AM,87
2017-04-25 05:46:00 AM,41
2017-04-25 02:11:00 AM,119
2017-04-24 06:09:00 PM,473
2017-04-24 02:00:00 PM,30
2017-04-24 11:02:00 AM,32
2017-04-24 08:21:00 AM,27
2017-04-24 05:45:00 AM,26
2017-04-23 06:02:00 PM,599
2017-04-23 01:34:00 PM,58
2017-04-23 09:48:00 AM,70
2017-04-23 06:45:00 AM,44
2017-04-23 04:34:00 AM,13
2017-04-23 04:03:00 AM,27
2017-04-23 03:38:00 AM,23
2017-04-23 03:28:00 AM,4
2017-04-22 07:05:00 PM,494
2017-04-22 01:49:00 PM,86
2017-04-22 09:33:00 AM,112
2017-04-22 06:52:00 AM,33
2017-04-22 03:57:00 AM,52
2017-04-21 06:24:00 PM,553
2017-04-21 02:20:00 PM,35
2017-04-21 11:11:00 AM,40
2017-04-21 07:00:00 AM,35
2017-04-20 06:57:00 PM,550
2017-04-20 02:55:00 PM,35
2017-04-20 11:46:00 AM,40
2017-04-20 08:26:00 AM,25
2017-04-20 05:10:00 AM,1
2017-04-19 06:50:00 PM,564
2017-04-19 03:30:00 PM,23
2017-04-19 12:30:00 PM,25
2017-04-19 09:01:00 AM,30
2017-04-18 07:01:00 PM,573
2017-04-18 04:13:00 PM,25
2017-04-18 12:05:00 PM,124
2017-04-18 09:12:00 AM,34
2017-04-18 06:28:00 AM,36
2017-04-17 06:57:00 PM,562
2017-04-17 03:58:00 PM,32
2017-04-17 12:49:00 PM,32
2017-04-17 10:41:00 AM,10
2017-04-17 07:59:00 AM,35
2017-04-16 06:39:00 PM,648
2017-04-16 02:03:00 PM,88
2017-04-16 10:26:00 AM,75
2017-04-16 07:06:00 AM,57
2017-04-15 07:32:00 PM,548
2017-04-15 05:14:00 PM,16
2017-04-15 02:49:00 PM,37
2017-04-15 11:11:00 AM,69
2017-04-15 07:29:00 AM,86
2017-04-15 04:30:00 AM,54
2017-04-14 07:26:00 PM,530
2017-04-14 04:10:00 PM,48
2017-04-14 03:25:00 PM,30
2017-04-14 12:06:00 PM,30
2017-04-14 08:35:00 AM,28
2017-04-13 07:02:00 PM,562
2017-04-13 04:29:00 PM,30
2017-04-13 12:41:00 PM,30
2017-04-13 07:48:00 AM,12
2017-04-12 11:45:00 PM,289
2017-04-12 06:20:00 PM,323
2017-04-12 01:40:00 PM,20
2017-04-12 11:55:00 AM,35
2017-04-12 08:41:00 AM,40
2017-04-11 07:35:00 PM,572
2017-04-11 02:14:00 PM,97
2017-04-11 10:35:00 AM,80
2017-04-11 06:48:00 AM,84
2017-04-10 07:38:00 PM,554
2017-04-10 03:56:00 PM,46
2017-04-10 12:38:00 PM,55
2017-04-10 09:49:00 AM,28
2017-04-10 07:02:00 AM,22
2017-04-09 06:34:00 PM,593
2017-04-09 12:26:00 PM,115
2017-04-09 09:12:00 AM,33
2017-04-09 06:34:00 AM,31
2017-04-08 06:42:00 PM,597
2017-04-08 12:22:00 PM,107
2017-04-08 09:36:00 AM,42
2017-04-08 06:49:00 AM,33
2017-04-07 06:48:00 PM,593
2017-04-07 02:01:00 PM,30
2017-04-07 11:05:00 AM,40
2017-04-07 07:16:00 AM,30
2017-04-06 11:51:00 PM,278
2017-04-06 06:46:00 PM,302
2017-04-06 03:55:00 PM,55
2017-04-06 12:11:00 PM,30
2017-04-06 08:50:00 AM,30
2017-04-05 07:11:00 PM,586
2017-04-05 04:31:00 PM,40
2017-04-05 12:45:00 PM,30
2017-04-05 07:20:00 AM,30
2017-04-04 09:40:00 PM,391
2017-04-04 06:45:00 PM,172
2017-04-04 01:25:00 PM,51
2017-04-04 09:34:00 AM,74
2017-04-04 06:20:00 AM,47
2017-04-03 09:49:00 PM,382
2017-04-03 08:35:00 PM,70
2017-04-03 07:32:00 PM,57
2017-04-03 04:47:00 PM,38
2017-04-03 12:43:00 PM,83
2017-04-03 09:32:00 AM,29
2017-04-03 06:57:00 AM,30
2017-04-02 06:26:00 PM,615
2017-04-02 01:47:00 PM,65
2017-04-02 09:37:00 AM,102
2017-04-02 06:08:00 AM,26
2017-04-01 06:52:00 PM,542
2017-04-01 02:23:00 PM,21
2017-04-01 02:03:00 PM,19
2017-04-01 10:07:00 AM,76
2017-04-01 06:50:00 AM,40
2017-03-31 06:41:00 PM,559
2017-03-31 02:30:00 PM,30
2017-03-31 09:00:00 AM,30
2017-03-31 07:21:00 AM,20
2017-03-30 06:20:00 PM,625
2017-03-30 01:41:00 PM,35
2017-03-30 10:36:00 AM,35
2017-03-30 08:05:00 AM,30
2017-03-29 07:24:00 PM,535
2017-03-29 04:34:00 PM,41
2017-03-29 01:11:00 PM,20
2017-03-29 08:40:00 AM,25
2017-03-28 06:50:00 PM,614
2017-03-28 01:06:00 PM,99
2017-03-28 09:57:00 AM,31
2017-03-28 07:01:00 AM,28
2017-03-28 01:47:00 AM,190
2017-03-27 07:26:00 PM,375
2017-03-27 03:51:00 PM,36
2017-03-27 12:26:00 PM,19
2017-03-27 11:56:00 AM,26
2017-03-27 08:45:00 AM,33
2017-03-27 06:03:00 AM,34
2017-03-26 06:02:00 PM,605
2017-03-26 01:30:00 PM,27
2017-03-26 10:23:00 AM,36
2017-03-26 07:10:00 AM,41
2017-03-25 07:25:00 PM,576
2017-03-25 03:09:00 PM,38
2017-03-25 10:50:00 AM,86
2017-03-25 07:22:00 AM,63
2017-03-24 06:36:00 PM,638
2017-03-24 01:55:00 PM,30
2017-03-24 11:11:00 AM,35
2017-03-24 08:21:00 AM,13
2017-03-23 06:58:00 PM,562
2017-03-23 03:57:00 PM,36
2017-03-23 12:11:00 PM,30
2017-03-23 08:50:00 AM,30
2017-03-22 06:22:00 PM,618
2017-03-22 02:11:00 PM,30
2017-03-22 10:49:00 AM,51
2017-03-22 08:46:00 AM,25
2017-03-21 07:09:00 PM,570
2017-03-21 06:47:00 PM,1
2017-03-21 01:13:00 PM,101
2017-03-21 10:09:00 AM,31
2017-03-21 07:03:00 AM,37
2017-03-20 07:11:00 PM,582
2017-03-20 03:54:00 PM,28
2017-03-20 12:40:00 PM,30
2017-03-20 09:25:00 AM,38
2017-03-20 07:17:00 AM,18
2017-03-19 07:50:00 PM,552
2017-03-19 06:22:00 PM,86
2017-03-19 01:47:00 PM,68
2017-03-19 10:13:00 AM,34
2017-03-19 07:50:00 AM,21
2017-03-19 04:05:00 AM,55
2017-03-18 06:45:00 PM,540
2017-03-18 11:55:00 AM,88
2017-03-18 08:02:00 AM,73
2017-03-18 04:31:00 AM,84
2017-03-17 06:42:00 PM,551
2017-03-17 12:06:00 PM,84
2017-03-17 09:51:00 AM,25
2017-03-17 06:45:00 AM,40
2017-03-16 06:39:00 PM,556
2017-03-16 06:26:00 PM,1
2017-03-16 02:36:00 PM,85
2017-03-16 12:15:00 PM,35
2017-03-16 09:36:00 AM,25
2017-03-16 07:35:00 AM,10
2017-03-16 02:53:00 AM,93
2017-03-15 06:50:00 PM,478
2017-03-15 04:25:00 PM,32
2017-03-15 12:56:00 PM,20
2017-03-15 10:21:00 AM,69
2017-03-15 07:00:00 AM,30
2017-03-15 03:10:00 AM,70
2017-03-14 06:18:00 PM,482
2017-03-14 12:23:00 PM,85
2017-03-14 10:30:00 AM,6
2017-03-14 06:32:00 AM,78
2017-03-14 03:33:00 AM,64
2017-03-13 08:30:00 PM,421
2017-03-13 06:40:00 PM,107
2017-03-13 01:14:00 PM,83
2017-03-13 10:34:00 AM,35
2017-03-13 08:03:00 AM,33
2017-03-13 05:25:00 AM,34
2017-03-13 12:23:00 AM,194
2017-03-12 08:05:00 PM,255
2017-03-12 06:33:00 PM,83
2017-03-12 12:55:00 PM,76
2017-03-12 09:52:00 AM,69
2017-03-12 06:42:00 AM,73
2017-03-11 06:57:00 PM,605
2017-03-11 04:33:00 PM,29
2017-03-11 01:51:00 PM,42
2017-03-11 10:27:00 AM,69
2017-03-11 07:30:00 AM,61
2017-03-10 06:57:00 PM,642
2017-03-10 03:21:00 PM,26
2017-03-10 12:25:00 PM,35
2017-03-10 08:06:00 AM,80
2017-03-09 07:41:00 PM,566
2017-03-09 05:20:00 PM,45
2017-03-09 02:55:00 PM,40
2017-03-09 12:26:00 PM,50
2017-03-09 07:20:00 AM,30
2017-03-08 07:06:00 PM,580
2017-03-08 04:22:00 PM,52
2017-03-08 02:11:00 PM,40
2017-03-08 12:01:00 PM,35
2017-03-08 08:20:00 AM,40
2017-03-08 03:02:00 AM,127
2017-03-07 07:34:00 PM,400
2017-03-07 03:27:00 PM,62
2017-03-07 12:52:00 PM,30
2017-03-07 09:55:00 AM,41
2017-03-07 07:14:00 AM,39
2017-03-07 02:20:00 AM,184
2017-03-06 06:05:00 PM,465
2017-03-06 02:57:00 PM,44
2017-03-06 12:44:00 PM,2
2017-03-06 12:12:00 PM,32
2017-03-06 09:34:00 AM,33
2017-03-06 06:18:00 AM,73
2017-03-05 09:20:00 PM,413
2017-03-05 07:15:00 PM,104
2017-03-05 03:56:00 PM,66
2017-03-05 01:13:00 PM,32
2017-03-05 10:30:00 AM,46
2017-03-05 07:39:00 AM,34
2017-03-04 07:06:00 PM,643
2017-03-04 05:19:00 PM,32
2017-03-04 02:51:00 PM,30
2017-03-04 12:00:00 PM,29
2017-03-04 09:36:00 AM,31
2017-03-04 06:53:00 AM,33
2017-03-03 10:14:00 PM,418
2017-03-03 09:34:00 PM,12
2017-03-03 07:02:00 PM,142
2017-03-03 04:19:00 PM,44
2017-03-03 01:00:00 PM,45
2017-03-03 10:00:00 AM,21
2017-03-03 07:25:00 AM,20
2017-03-02 07:17:00 PM,577
2017-03-02 05:03:00 PM,31
2017-03-02 02:26:00 PM,29
2017-03-02 10:50:00 AM,77
2017-03-02 08:21:00 AM,30
2017-03-01 10:54:00 PM,357
2017-03-01 07:07:00 PM,222
2017-03-01 11:21:00 AM,86
2017-03-01 08:00:00 AM,78
2017-02-28 10:17:00 PM,445
2017-02-28 09:05:00 PM,54
2017-02-28 08:52:00 PM,11
2017-02-28 06:52:00 PM,91
2017-02-28 03:22:00 PM,22
2017-02-28 12:42:00 PM,27
2017-02-28 12:41:00 PM,1
2017-02-28 09:22:00 AM,81
2017-02-28 06:34:00 AM,35
2017-02-27 07:15:00 PM,570
2017-02-27 04:36:00 PM,39
2017-02-27 01:58:00 PM,37
2017-02-27 11:32:00 AM,26
2017-02-27 08:53:00 AM,29
2017-02-27 06:14:00 AM,36
2017-02-26 07:42:00 PM,509
2017-02-26 06:01:00 PM,24
2017-02-26 03:02:00 PM,32
2017-02-26 12:05:00 PM,35
2017-02-26 09:44:00 AM,33
2017-02-26 06:59:00 AM,34
2017-02-25 08:34:00 PM,506
2017-02-25 08:21:00 PM,11
2017-02-25 07:26:00 PM,39
2017-02-25 05:12:00 PM,24
2017-02-25 02:01:00 PM,31
2017-02-25 10:44:00 AM,60
2017-02-25 07:24:00 AM,86
2017-02-24 06:48:00 PM,631
2017-02-24 03:00:00 PM,38
2017-02-24 12:16:00 PM,35
2017-02-24 09:36:00 AM,25
2017-02-23 07:08:00 PM,600
2017-02-23 04:27:00 PM,39
2017-02-23 12:01:00 PM,30
2017-02-23 08:35:00 AM,25
2017-02-23 06:56:00 AM,15
2017-02-22 07:40:00 PM,535
2017-02-22 05:20:00 PM,27
2017-02-22 01:11:00 PM,86
2017-02-22 09:02:00 AM,99
2017-02-22 05:58:00 AM,41
2017-02-22 05:54:00 AM,1
2017-02-21 09:06:00 PM,426
2017-02-21 07:03:00 PM,110
2017-02-21 03:10:00 PM,29
2017-02-21 12:05:00 PM,44
2017-02-21 09:31:00 AM,26
2017-02-21 06:50:00 AM,41
2017-02-21 03:58:00 AM,51
2017-02-20 09:26:00 PM,338
2017-02-20 07:23:00 PM,116
2017-02-20 04:49:00 PM,30
2017-02-20 01:10:00 PM,35
2017-02-20 10:05:00 AM,29
2017-02-20 07:24:00 AM,31
2017-02-19 10:29:00 PM,408
2017-02-19 09:47:00 PM,36
2017-02-19 09:26:00 PM,19
2017-02-19 07:30:00 PM,87
2017-02-19 01:56:00 PM,75
2017-02-19 10:44:00 AM,68
2017-02-19 07:08:00 AM,68
2017-02-18 07:22:00 PM,580
2017-02-18 07:15:00 PM,2
2017-02-18 04:27:00 PM,30
2017-02-18 01:37:00 PM,29
2017-02-18 01:36:00 PM,1
2017-02-18 09:09:00 AM,123
2017-02-18 06:28:00 AM,36
2017-02-17 07:10:00 PM,563
2017-02-17 03:41:00 PM,25
2017-02-17 12:00:00 PM,30
2017-02-17 08:41:00 AM,50
2017-02-16 08:18:00 PM,504
2017-02-16 07:37:00 PM,36
2017-02-16 04:38:00 PM,52
2017-02-16 02:15:00 PM,25
2017-02-16 11:00:00 AM,35
2017-02-16 08:16:00 AM,20
2017-02-15 07:55:00 PM,557
2017-02-15 04:34:00 PM,32
2017-02-15 01:04:00 PM,71
2017-02-15 09:41:00 AM,81
2017-02-15 07:00:00 AM,27
2017-02-14 08:01:00 PM,525
2017-02-14 05:16:00 PM,37
2017-02-14 02:20:00 PM,27
2017-02-14 10:29:00 AM,105
2017-02-14 10:18:00 AM,3
2017-02-14 06:35:00 AM,85
2017-02-13 07:39:00 PM,535
2017-02-13 04:27:00 PM,40
2017-02-13 01:39:00 PM,27
2017-02-13 10:18:00 AM,78
2017-02-13 07:33:00 AM,53
2017-02-12 08:22:00 PM,554
2017-02-12 07:38:00 PM,27
2017-02-12 07:23:00 PM,1
2017-02-12 03:56:00 PM,50
2017-02-12 01:16:00 PM,36
2017-02-12 11:00:00 AM,25
2017-02-12 07:37:00 AM,72
2017-02-12 04:05:00 AM,92
2017-02-11 07:20:00 PM,471
2017-02-11 04:19:00 PM,25
2017-02-11 12:13:00 PM,124
2017-02-11 09:02:00 AM,72
2017-02-11 06:08:00 AM,74
2017-02-10 11:09:00 PM,306
2017-02-10 08:33:00 PM,135
2017-02-10 04:46:00 PM,30
2017-02-10 02:06:00 PM,34
2017-02-10 11:07:00 AM,72
2017-02-10 07:22:00 AM,131
2017-02-09 10:28:00 PM,432
2017-02-09 06:59:00 PM,126
2017-02-09 03:55:00 PM,52
2017-02-09 01:12:00 PM,43
2017-02-09 10:40:00 AM,37
2017-02-09 06:48:00 AM,113
2017-02-08 08:01:00 PM,528
2017-02-08 07:55:00 PM,3
2017-02-08 05:02:00 PM,28
2017-02-08 01:57:00 PM,68
2017-02-08 09:52:00 AM,119
2017-02-08 07:23:00 AM,36
2017-02-07 08:56:00 PM,513
2017-02-07 08:50:00 PM,1
2017-02-07 08:02:00 PM,29
2017-02-07 01:31:00 PM,110
2017-02-07 10:59:00 AM,25
2017-02-07 09:07:00 AM,25
2017-02-07 06:52:00 AM,25
2017-02-06 07:48:00 PM,537
2017-02-06 03:01:00 PM,29
2017-02-06 12:20:00 PM,26
2017-02-06 09:39:00 AM,36
2017-02-06 07:09:00 AM,32
2017-02-05 07:22:00 PM,583
2017-02-05 03:15:00 PM,38
2017-02-05 12:53:00 PM,29
2017-02-05 09:54:00 AM,30
2017-02-05 07:26:00 AM,27
2017-02-05 04:15:00 AM,62
2017-02-04 07:53:00 PM,442
2017-02-04 04:17:00 PM,81
2017-02-04 01:30:00 PM,31
2017-02-04 10:32:00 AM,42
2017-02-04 07:47:00 AM,79
2017-02-03 08:12:00 PM,563
2017-02-03 05:44:00 PM,32
2017-02-03 02:45:00 PM,40
2017-02-03 12:40:00 PM,35
2017-02-03 10:46:00 AM,25
2017-02-03 08:25:00 AM,45
2017-02-02 08:40:00 PM,530
2017-02-02 06:28:00 PM,32
2017-02-02 03:25:00 PM,35
2017-02-02 11:51:00 AM,90
2017-02-02 11:01:00 AM,30
2017-02-02 08:17:00 AM,33
2017-02-01 08:12:00 PM,528
2017-02-01 01:48:00 PM,116
2017-02-01 11:18:00 AM,29
2017-02-01 07:44:00 AM,86
2017-01-31 07:44:00 PM,595
2017-01-31 04:51:00 PM,38
2017-01-31 01:56:00 PM,29
2017-01-31 10:13:00 AM,89
2017-01-31 07:17:00 AM,31
2017-01-30 07:43:00 PM,573
2017-01-30 04:25:00 PM,36
2017-01-30 01:23:00 PM,31
2017-01-30 10:35:00 AM,31
2017-01-30 07:43:00 AM,29
2017-01-29 10:14:00 PM,439
2017-01-29 09:21:00 PM,46
2017-01-29 06:52:00 PM,32
2017-01-29 03:14:00 PM,52
2017-01-29 11:42:00 AM,68
2017-01-29 08:34:00 AM,44
2017-01-29 01:16:00 AM,285
2017-01-28 09:07:00 PM,233
2017-01-28 03:46:00 PM,34
2017-01-28 12:57:00 PM,22
2017-01-28 12:49:00 PM,1
2017-01-28 09:21:00 AM,62
2017-01-28 02:42:00 AM,243
2017-01-27 11:15:00 PM,180
2017-01-27 10:15:00 PM,31
2017-01-27 06:26:00 PM,40
2017-01-27 02:45:00 PM,95
2017-01-27 11:05:00 AM,40
2017-01-27 09:51:00 AM,30
2017-01-26 08:21:00 PM,573
2017-01-26 05:53:00 PM,33
2017-01-26 11:21:00 AM,5
2017-01-26 09:51:00 AM,10
2017-01-25 11:54:00 PM,393
2017-01-25 08:44:00 PM,185
2017-01-25 06:00:00 PM,27
2017-01-25 02:44:00 PM,61
2017-01-25 11:13:00 AM,66
2017-01-25 08:01:00 AM,74
2017-01-25 02:03:00 AM,243
2017-01-24 08:45:00 PM,293
2017-01-24 06:08:00 PM,30
2017-01-24 02:10:00 PM,83
2017-01-24 10:52:00 AM,44
2017-01-24 07:49:00 AM,50
2017-01-23 09:46:00 PM,473
2017-01-23 07:20:00 PM,25
2017-01-23 03:24:00 PM,74
2017-01-23 12:22:00 PM,30
2017-01-23 09:30:00 AM,31
2017-01-23 06:59:00 AM,23
2017-01-22 10:35:00 PM,335
2017-01-22 09:38:00 PM,51
2017-01-22 08:45:00 PM,46
2017-01-22 06:03:00 PM,31
2017-01-22 02:47:00 PM,65
2017-01-22 11:43:00 AM,47
2017-01-22 08:34:00 AM,53
2017-01-22 04:56:00 AM,105
2017-01-22 03:46:00 AM,67
2017-01-22 12:27:00 AM,173
2017-01-21 09:19:00 PM,181
2017-01-21 06:22:00 PM,28
2017-01-21 03:24:00 PM,35
2017-01-21 12:57:00 PM,32
2017-01-21 11:55:00 AM,15
2017-01-21 08:17:00 AM,82
2017-01-21 04:56:00 AM,70
2017-01-21 12:34:00 AM,251
2017-01-20 08:25:00 PM,216
2017-01-20 04:55:00 PM,77
2017-01-20 02:06:00 PM,60
2017-01-20 11:36:00 AM,24
2017-01-20 08:32:00 AM,64
2017-01-19 08:53:00 PM,582
2017-01-19 05:51:00 PM,45
2017-01-19 03:00:00 PM,35
2017-01-19 10:31:00 AM,30
2017-01-19 08:40:00 AM,20
2017-01-19 01:38:00 AM,247
2017-01-19 01:19:00 AM,1
2017-01-19 01:13:00 AM,1
2017-01-18 08:57:00 PM,224
2017-01-18 06:15:00 PM,27
2017-01-18 03:21:00 PM,31
2017-01-18 11:39:00 AM,90
2017-01-18 08:50:00 AM,42
2017-01-17 09:27:00 PM,545
2017-01-17 07:01:00 PM,20
2017-01-17 04:00:00 PM,23
2017-01-17 12:20:00 PM,75
2017-01-17 08:37:00 AM,60
2017-01-16 09:05:00 PM,565
2017-01-16 06:17:00 PM,27
2017-01-16 02:38:00 PM,74
2017-01-16 11:43:00 AM,40
2017-01-16 08:34:00 AM,63
2017-01-15 09:09:00 PM,560
2017-01-15 08:40:00 PM,8
2017-01-15 05:56:00 PM,25
2017-01-15 02:01:00 PM,90
2017-01-15 10:58:00 AM,52
2017-01-15 08:15:00 AM,48
2017-01-14 09:12:00 PM,563
2017-01-14 06:47:00 PM,27
2017-01-14 03:49:00 PM,55
2017-01-14 01:09:00 PM,28
2017-01-14 10:32:00 AM,33
2017-01-14 07:53:00 AM,49
2017-01-13 08:54:00 PM,534
2017-01-13 05:57:00 PM,41
2017-01-13 03:01:00 PM,40
2017-01-13 12:45:00 PM,30
2017-01-13 10:06:00 AM,40
2017-01-12 11:21:00 PM,410
2017-01-12 11:15:00 PM,1
2017-01-12 08:25:00 PM,149
2017-01-12 05:29:00 PM,38
2017-01-12 02:00:00 PM,55
2017-01-12 12:06:00 PM,10
2017-01-12 09:55:00 AM,20
2017-01-12 08:56:00 AM,15
2017-01-12 04:56:00 AM,95
2017-01-11 08:22:00 PM,483
2017-01-11 05:04:00 PM,63
2017-01-11 02:10:00 PM,28
2017-01-11 12:00:00 PM,22
2017-01-11 08:43:00 AM,63
2017-01-10 11:38:00 PM,417
2017-01-10 10:59:00 PM,33
2017-01-10 09:55:00 PM,58
2017-01-10 09:06:00 PM,46
2017-01-10 06:52:00 PM,20
2017-01-10 03:19:00 PM,66
2017-01-10 12:11:00 PM,37
2017-01-10 08:31:00 AM,89
2017-01-10 05:04:00 AM,93
2017-01-10 04:51:00 AM,3
2017-01-09 08:23:00 PM,489
2017-01-09 05:16:00 PM,45
2017-01-09 02:20:00 PM,35
2017-01-09 11:24:00 AM,35
2017-01-09 08:38:00 AM,35
2017-01-08 08:44:00 PM,594
2017-01-08 06:06:00 PM,26
2017-01-08 02:00:00 PM,115
2017-01-08 11:10:00 AM,33
2017-01-08 08:26:00 AM,37
2017-01-08 04:22:00 AM,111
2017-01-07 09:32:00 PM,369
2017-01-07 06:54:00 PM,30
2017-01-07 03:57:00 PM,27
2017-01-07 12:16:00 PM,56
2017-01-07 08:39:00 AM,95
2017-01-06 09:53:00 PM,519
2017-01-06 07:14:00 PM,17
2017-01-06 03:48:00 PM,54
2017-01-06 12:43:00 PM,57
2017-01-06 09:00:00 AM,63
2017-01-05 08:15:00 PM,638
2017-01-05 05:29:00 PM,28
2017-01-05 02:34:00 PM,25
2017-01-05 10:57:00 AM,74
2017-01-05 08:14:00 AM,28
2017-01-04 09:04:00 PM,543
2017-01-04 06:02:00 PM,37
2017-01-04 03:09:00 PM,28
2017-01-04 11:27:00 AM,77
2017-01-04 08:35:00 AM,32
2017-01-03 09:42:00 PM,532
2017-01-03 08:45:00 PM,45
2017-01-03 05:53:00 PM,47
2017-01-03 02:52:00 PM,32
2017-01-03 12:03:00 PM,27
2017-01-03 08:21:00 AM,85
2017-01-02 08:48:00 PM,557
2017-01-02 06:03:00 PM,33
2017-01-02 02:35:00 PM,85
2017-01-02 11:51:00 AM,26
2017-01-02 08:30:00 AM,70
2017-01-01 08:37:00 PM,571
2017-01-01 04:50:00 PM,90
2017-01-01 02:13:00 PM,30
2017-01-01 11:38:00 AM,25
2017-01-01 08:45:00 AM,42
2016-12-31 07:58:00 PM,644
2016-12-31 05:08:00 PM,55
2016-12-31 02:36:00 PM,28
2016-12-31 11:17:00 AM,65
2016-12-31 08:37:00 AM,28
2016-12-30 09:48:00 PM,526
2016-12-30 07:20:00 PM,24
2016-12-30 04:22:00 PM,36
2016-12-30 12:17:00 PM,114
2016-12-30 09:23:00 AM,44
2016-12-29 09:36:00 PM,562
2016-12-29 06:55:00 PM,19
2016-12-29 03:19:00 PM,76
2016-12-29 11:45:00 AM,75
2016-12-29 09:09:00 AM,28
2016-12-28 09:21:00 PM,574
2016-12-28 06:15:00 PM,48
2016-12-28 03:30:00 PM,31
2016-12-28 11:56:00 AM,83
2016-12-28 09:03:00 AM,43
2016-12-27 09:59:00 PM,518
2016-12-27 07:20:00 PM,23
2016-12-27 03:19:00 PM,95
2016-12-27 12:40:00 PM,27
2016-12-27 12:26:00 PM,3
2016-12-27 08:50:00 AM,75
2016-12-26 08:24:00 PM,624
2016-12-26 05:39:00 PM,47
2016-12-26 02:57:00 PM,33
2016-12-26 11:29:00 AM,68
2016-12-26 08:48:00 AM,32
2016-12-25 09:18:00 PM,570
2016-12-25 06:41:00 PM,42
2016-12-25 02:28:00 PM,107
2016-12-25 12:11:00 PM,25
2016-12-25 08:58:00 AM,64
2016-12-24 09:25:00 PM,576
2016-12-24 05:40:00 PM,76
2016-12-24 04:05:00 PM,6
2016-12-24 02:50:00 PM,30
2016-12-24 12:08:00 PM,28
2016-12-24 08:57:00 AM,70
2016-12-24 02:31:00 AM,249
2016-12-24 12:01:00 AM,131
2016-12-23 11:55:00 PM,4
2016-12-23 08:51:00 PM,167
2016-12-23 06:15:00 PM,27
2016-12-23 03:22:00 PM,43
2016-12-23 12:16:00 PM,31
2016-12-23 08:48:00 AM,85
2016-12-23 01:16:00 AM,326
2016-12-23 01:02:00 AM,6
2016-12-22 09:31:00 PM,169
2016-12-22 06:48:00 PM,29
2016-12-22 04:19:00 PM,19
2016-12-22 03:31:00 PM,39
2016-12-22 12:10:00 PM,66
2016-12-22 08:59:00 AM,61
2016-12-21 09:27:00 PM,573
2016-12-21 07:06:00 PM,8
2016-12-21 03:40:00 PM,85
2016-12-21 11:55:00 AM,97
2016-12-21 08:47:00 AM,69
2016-12-21 01:51:00 AM,310
2016-12-20 09:14:00 PM,213
2016-12-20 07:07:00 PM,6
2016-12-20 07:00:00 PM,4
2016-12-20 03:43:00 PM,80
2016-12-20 11:41:00 AM,120
2016-12-20 08:58:00 AM,28
2016-12-19 09:55:00 PM,540
2016-12-19 08:56:00 PM,51
2016-12-19 07:38:00 PM,73
2016-12-19 04:52:00 PM,24
2016-12-19 02:21:00 PM,18
2016-12-19 01:56:00 PM,12
2016-12-19 05:59:00 AM,83
2016-12-19 05:10:00 AM,41
2016-12-19 04:10:00 AM,13
2016-12-19 03:52:00 AM,12
2016-12-19 03:35:00 AM,5
2016-12-19 03:32:00 AM,1
2016-12-19 02:10:00 AM,41
2016-12-19 02:05:00 AM,3
2016-12-19 12:24:00 AM,50
2016-12-19 12:08:00 AM,9
2016-12-18 11:04:00 PM,50
2016-12-18 10:03:00 PM,36
2016-12-18 07:04:00 PM,26
2016-12-18 03:06:00 PM,112
2016-12-18 12:33:00 PM,32
2016-12-18 08:58:00 AM,76
2016-12-18 04:18:00 AM,162
2016-12-17 11:39:00 PM,232
2016-12-17 09:01:00 PM,140
2016-12-17 08:42:00 PM,10
2016-12-17 08:12:00 PM,27
2016-12-17 05:21:00 PM,34
2016-12-17 02:13:00 PM,67
2016-12-17 11:11:00 AM,61
2016-12-17 08:48:00 AM,38
2016-12-16 09:02:00 PM,601
2016-12-16 08:26:00 PM,31
2016-12-16 05:43:00 PM,48
2016-12-16 03:03:00 PM,37
2016-12-16 11:32:00 AM,95
2016-12-16 08:47:00 AM,36
2016-12-15 10:08:00 PM,515
2016-12-15 07:12:00 PM,28
2016-12-15 03:20:00 PM,115
2016-12-15 12:40:00 PM,20
2016-12-15 09:06:00 AM,75
2016-12-14 10:17:00 PM,523
2016-12-14 08:44:00 PM,14
2016-12-14 05:48:00 PM,35
2016-12-14 03:16:00 PM,35
2016-12-14 11:40:00 AM,84
2016-12-14 08:57:00 AM,38
2016-12-13 08:56:00 PM,604
2016-12-13 06:15:00 PM,32
2016-12-13 03:38:00 PM,34
2016-12-13 01:30:00 PM,29
2016-12-13 10:17:00 AM,69
2016-12-13 06:30:00 AM,105
2016-12-12 07:59:00 PM,507
2016-12-12 05:15:00 PM,31
2016-12-12 03:01:00 PM,25
2016-12-12 11:40:00 AM,79
2016-12-12 08:54:00 AM,33
2016-12-11 09:29:00 PM,567
2016-12-11 06:52:00 PM,46
2016-12-11 04:27:00 PM,31
2016-12-11 01:17:00 PM,46
2016-12-11 12:36:00 PM,39
2016-12-11 08:55:00 AM,81
2016-12-10 10:06:00 PM,505
2016-12-10 06:54:00 PM,35
2016-12-10 04:07:00 PM,36
2016-12-10 12:47:00 PM,83
2016-12-10 09:25:00 AM,75
2016-12-10 08:48:00 AM,3
2016-12-09 09:13:00 PM,579
2016-12-09 06:31:00 PM,45
2016-12-09 02:43:00 PM,98
2016-12-09 11:57:00 AM,45
2016-12-09 09:13:00 AM,39
2016-12-08 10:10:00 PM,530
2016-12-08 07:20:00 PM,29
2016-12-08 03:05:00 PM,124
2016-12-08 12:21:00 PM,35
2016-12-08 08:57:00 AM,74
2016-12-07 09:38:00 PM,557
2016-12-07 08:09:00 PM,83
2016-12-07 05:31:00 PM,50
2016-12-07 01:16:00 PM,138
2016-12-07 10:19:00 AM,33
2016-12-07 07:02:00 AM,37
2016-12-07 04:20:00 AM,45
2016-12-07 04:00:00 AM,13
2016-12-07 02:31:00 AM,59
2016-12-07 02:12:00 AM,7
2016-12-07 01:16:00 AM,44
2016-12-06 11:32:00 PM,56
2016-12-06 09:55:00 PM,51
2016-12-06 08:08:00 PM,95
2016-12-06 07:44:00 PM,22
2016-12-06 05:45:00 PM,28
2016-12-06 02:55:00 PM,35
2016-12-06 12:01:00 PM,48
2016-12-06 08:58:00 AM,72
2016-12-06 04:59:00 AM,112
2016-12-06 03:23:00 AM,64
2016-12-06 12:35:00 AM,130
2016-12-05 09:47:00 PM,154
2016-12-05 06:53:00 PM,26
2016-12-05 03:29:00 PM,70
2016-12-05 02:47:00 PM,30
2016-12-05 12:45:00 PM,16
2016-12-05 10:27:00 AM,24
2016-12-05 07:09:00 AM,92
2016-12-05 04:30:00 AM,64
2016-12-05 01:01:00 AM,200
2016-12-04 10:43:00 PM,126
2016-12-04 08:03:00 PM,155
2016-12-04 04:56:00 PM,72
2016-12-04 01:55:00 PM,89
2016-12-04 11:19:00 AM,28
2016-12-04 07:47:00 AM,88
2016-12-04 03:10:00 AM,163
2016-12-04 01:51:00 AM,71
2016-12-03 09:54:00 PM,215
2016-12-03 07:09:00 PM,23
2016-12-03 02:58:00 PM,132
2016-12-03 12:29:00 PM,28
2016-12-03 08:50:00 AM,86
2016-12-02 09:43:00 PM,548
2016-12-02 07:16:00 PM,27
2016-12-02 04:32:00 PM,56
2016-12-02 12:31:00 PM,127
2016-12-02 09:34:00 AM,29
2016-12-01 09:58:00 PM,551
2016-12-01 04:18:00 PM,102
2016-12-01 01:15:00 PM,30
2016-12-01 09:17:00 AM,97
2016-11-30 10:41:00 PM,528
2016-11-30 08:06:00 PM,22
2016-11-30 04:17:00 PM,86
2016-11-30 01:20:00 PM,79
2016-11-30 10:02:00 AM,66
2016-11-29 11:08:00 PM,422
2016-11-29 09:54:00 PM,62
2016-11-29 07:23:00 PM,33
2016-11-29 05:04:00 PM,28
2016-11-29 01:51:00 PM,72
2016-11-29 09:02:00 AM,81
2016-11-29 04:26:00 AM,160
2016-11-29 12:53:00 AM,197
2016-11-28 11:33:00 PM,33
2016-11-28 08:46:00 PM,146
2016-11-28 06:05:00 PM,31
2016-11-28 03:24:00 PM,37
2016-11-28 11:54:00 AM,103
2016-11-28 08:47:00 AM,47
2016-11-27 07:55:00 PM,653
2016-11-27 05:55:00 PM,34
2016-11-27 02:44:00 PM,74
2016-11-27 12:21:00 PM,30
2016-11-27 09:41:00 AM,28
2016-11-27 03:38:00 AM,237
2016-11-27 02:29:00 AM,57
2016-11-26 11:08:00 PM,173
2016-11-26 08:11:00 PM,79
2016-11-26 05:55:00 PM,25
2016-11-26 02:10:00 PM,91
2016-11-26 10:16:00 AM,91
2016-11-25 08:41:00 PM,586
2016-11-25 06:05:00 PM,29
2016-11-25 02:40:00 PM,80
2016-11-25 10:26:00 AM,139
2016-11-25 07:35:00 AM,46
2016-11-24 09:27:00 PM,486
2016-11-24 06:35:00 PM,34
2016-11-24 03:11:00 PM,109
2016-11-24 12:41:00 PM,25
2016-11-24 09:25:00 AM,77
2016-11-24 05:34:00 AM,117
2016-11-23 09:36:00 PM,403
2016-11-23 06:59:00 PM,37
2016-11-23 04:28:00 PM,37
2016-11-23 02:13:00 PM,29
2016-11-23 11:40:00 AM,24
2016-11-23 10:56:00 AM,65
2016-11-23 08:07:00 AM,34
2016-11-22 09:12:00 PM,508
2016-11-22 07:10:00 PM,28
2016-11-22 04:59:00 PM,21
2016-11-22 01:37:00 PM,76
2016-11-22 10:58:00 AM,40
2016-11-22 10:18:00 AM,17
2016-11-22 08:14:00 AM,26
2016-11-21 09:14:00 PM,553
2016-11-21 05:41:00 PM,30
2016-11-21 03:18:00 PM,23
2016-11-21 11:37:00 AM,89
2016-11-21 08:27:00 AM,57
2016-11-20 09:34:00 PM,559
2016-11-20 06:56:00 PM,31
2016-11-20 04:35:00 PM,28
2016-11-20 12:57:00 PM,92
2016-11-20 10:49:00 AM,39
2016-11-20 07:41:00 AM,76
2016-11-20 03:34:00 AM,166
2016-11-19 09:10:00 PM,296
2016-11-19 07:11:00 PM,34
2016-11-19 05:09:00 PM,25
2016-11-19 02:29:00 PM,61
2016-11-19 11:07:00 AM,68
2016-11-19 07:58:00 AM,61
2016-11-19 04:42:00 AM,104
2016-11-18 08:41:00 PM,375
2016-11-18 05:34:00 PM,58
2016-11-18 01:47:00 PM,94
2016-11-18 12:00:00 PM,20
2016-11-18 08:25:00 AM,88
2016-11-17 08:15:00 PM,615
2016-11-17 05:58:00 PM,30
2016-11-17 03:31:00 PM,31
2016-11-17 01:00:00 PM,28
2016-11-17 10:37:00 AM,47
2016-11-17 07:04:00 AM,93
2016-11-16 10:16:00 PM,433
2016-11-16 07:38:00 PM,31
2016-11-16 02:26:00 PM,90
2016-11-16 11:11:00 AM,68
2016-11-16 08:36:00 AM,44
2016-11-15 09:48:00 PM,528
2016-11-15 06:40:00 PM,84
2016-11-15 04:47:00 PM,20
2016-11-15 04:13:00 PM,30
2016-11-15 01:46:00 PM,27
2016-11-15 11:22:00 AM,26
2016-11-15 08:46:00 AM,59
2016-11-15 04:44:00 AM,115
2016-11-14 08:11:00 PM,423
2016-11-14 05:58:00 PM,27
2016-11-14 03:52:00 PM,27
2016-11-14 12:42:00 PM,80
2016-11-14 10:45:00 AM,21
2016-11-14 07:53:00 AM,62
2016-11-13 09:35:00 PM,505
2016-11-13 04:40:00 PM,44
2016-11-13 01:37:00 PM,55
2016-11-13 01:20:00 PM,9
2016-11-13 12:32:00 PM,28
2016-11-13 10:37:00 AM,25
2016-11-13 07:54:00 AM,35
2016-11-12 09:00:00 PM,547
2016-11-12 04:32:00 PM,51
2016-11-12 12:31:00 PM,123
2016-11-12 09:38:00 AM,72
2016-11-12 07:07:00 AM,44
2016-11-12 12:03:00 AM,318
2016-11-11 06:51:00 PM,219
2016-11-11 05:02:00 PM,21
2016-11-11 02:15:00 PM,60
2016-11-11 10:57:00 AM,77
2016-11-11 08:57:00 AM,24
2016-11-11 05:51:00 AM,71
2016-11-11 01:06:00 AM,216
2016-11-10 07:23:00 PM,221
2016-11-10 05:16:00 PM,21
2016-11-10 01:01:00 PM,126
2016-11-10 11:44:00 AM,22
2016-11-10 09:13:00 AM,28
2016-11-10 03:54:00 AM,211
2016-11-09 07:31:00 PM,418
2016-11-09 05:24:00 PM,25
2016-11-09 01:39:00 PM,97
2016-11-09 11:36:00 AM,25
2016-11-09 09:18:00 AM,29
2016-11-09 05:08:00 AM,118
2016-11-08 09:11:00 PM,382
2016-11-08 08:34:00 PM,35
2016-11-08 06:30:00 PM,40
2016-11-08 04:09:00 PM,31
2016-11-08 01:54:00 PM,31
2016-11-08 11:25:00 AM,29
2016-11-08 09:05:00 AM,32
2016-11-08 04:46:00 AM,142
2016-11-07 07:13:00 PM,477
2016-11-07 06:34:00 PM,25
2016-11-07 04:29:00 PM,31
2016-11-07 01:51:00 PM,50
2016-11-07 11:25:00 AM,40
2016-11-07 08:39:00 AM,22
2016-11-07 03:27:00 AM,194
2016-11-06 09:05:00 PM,267
2016-11-06 05:34:00 PM,84
2016-11-06 03:13:00 PM,30
2016-11-06 12:13:00 PM,68
2016-11-06 09:47:00 AM,32
2016-11-06 06:53:00 AM,42
2016-11-06 06:03:00 AM,43
2016-11-05 08:56:00 PM,441
2016-11-05 05:13:00 PM,92
2016-11-05 02:41:00 PM,63
2016-11-05 01:56:00 PM,45
2016-11-05 11:40:00 AM,33
2016-11-05 09:31:00 AM,32
2016-11-05 06:55:00 AM,53
2016-11-05 06:06:00 AM,37
2016-11-05 12:01:00 AM,285
2016-11-04 07:29:00 PM,181
2016-11-04 07:05:00 PM,11
2016-11-04 03:31:00 PM,121
2016-11-04 12:51:00 PM,49
2016-11-04 10:59:00 AM,39
2016-11-04 08:25:00 AM,38
2016-11-04 02:55:00 AM,215
2016-11-03 07:00:00 PM,389
2016-11-03 04:55:00 PM,55
2016-11-03 04:10:00 PM,35
2016-11-03 01:51:00 PM,20
2016-11-03 10:44:00 AM,80
2016-11-03 08:20:00 AM,34
2016-11-03 03:52:00 AM,165
2016-11-02 09:33:00 PM,294
2016-11-02 08:20:00 PM,73
2016-11-02 05:10:00 PM,66
2016-11-02 02:01:00 PM,98
2016-11-02 01:21:00 PM,10
2016-11-02 11:20:00 AM,28
2016-11-02 09:24:00 AM,26
2016-11-02 06:48:00 AM,51
2016-11-02 04:46:00 AM,50
2016-11-01 10:28:00 PM,308
2016-11-01 06:04:00 PM,162
2016-11-01 04:14:00 PM,31
2016-11-01 01:49:00 PM,42
2016-11-01 10:45:00 AM,78
2016-11-01 08:36:00 AM,55
2016-11-01 02:15:00 AM,280
2016-10-31 09:45:00 PM,201
2016-10-31 09:27:00 PM,10
2016-10-31 07:38:00 PM,7
2016-10-31 07:25:00 PM,13
2016-10-31 06:46:00 PM,30
2016-10-31 04:00:00 PM,64
2016-10-31 01:10:00 PM,83
2016-10-31 09:56:00 AM,45
2016-10-31 05:47:00 AM,149
2016-10-31 01:53:00 AM,154
2016-10-30 09:12:00 PM,178
2016-10-30 05:38:00 PM,89
2016-10-30 04:47:00 PM,22
2016-10-30 01:53:00 PM,64
2016-10-30 12:01:00 PM,42
2016-10-30 09:26:00 AM,50
2016-10-30 07:45:00 AM,30
2016-10-30 03:05:00 AM,184
2016-10-29 10:04:00 PM,236
2016-10-29 07:06:00 PM,80
2016-10-29 06:44:00 PM,13
2016-10-29 03:59:00 PM,73
2016-10-29 09:45:00 AM,130
2016-10-29 08:07:00 AM,19
2016-10-29 03:39:00 AM,168
2016-10-28 10:20:00 PM,243
2016-10-28 08:02:00 PM,31
2016-10-28 06:07:00 PM,16
2016-10-28 02:12:00 PM,122
2016-10-28 01:01:00 PM,2
2016-10-28 12:21:00 PM,9
2016-10-28 09:35:00 AM,69
2016-10-28 06:29:00 AM,82
2016-10-28 02:16:00 AM,171
2016-10-28 02:11:00 AM,1
2016-10-27 11:23:00 PM,90
2016-10-27 07:32:00 PM,121
2016-10-27 04:00:00 PM,65
2016-10-27 12:30:00 PM,100
2016-10-27 10:30:00 AM,32
2016-10-27 08:49:00 AM,21
2016-10-27 05:37:00 AM,95
2016-10-26 10:25:00 PM,342
2016-10-26 08:42:00 PM,29
2016-10-26 05:55:00 PM,84
2016-10-26 01:06:00 PM,171
2016-10-26 10:43:00 AM,27
2016-10-26 04:44:00 AM,164
2016-10-26 01:47:00 AM,100
2016-10-26 01:07:00 AM,10
2016-10-25 08:28:00 PM,171
2016-10-25 06:15:00 PM,30
2016-10-25 03:15:00 PM,81
2016-10-25 01:12:00 PM,60
2016-10-25 12:31:00 PM,30
2016-10-25 09:31:00 AM,65
2016-10-25 05:08:00 AM,148
2016-10-25 12:41:00 AM,171
2016-10-24 10:16:00 PM,90
2016-10-24 07:21:00 PM,40
2016-10-24 04:31:00 PM,30
2016-10-24 01:47:00 PM,56
2016-10-24 12:53:00 PM,38
2016-10-24 10:25:00 AM,69
2016-10-24 06:20:00 AM,124
2016-10-24 01:59:00 AM,157
2016-10-23 10:26:00 PM,132
2016-10-23 07:15:00 PM,76
2016-10-23 03:45:00 PM,30
2016-10-23 12:44:00 PM,42
2016-10-23 09:27:00 AM,92
2016-10-23 05:46:00 AM,131
2016-10-23 02:00:00 AM,111
2016-10-22 10:37:00 PM,121
2016-10-22 07:00:00 PM,135
2016-10-22 03:46:00 PM,28
2016-10-22 02:10:00 PM,14
2016-10-22 11:00:00 AM,85
2016-10-22 07:05:00 AM,140
2016-10-22 04:01:00 AM,109
2016-10-21 11:23:00 PM,170
2016-10-21 09:30:00 PM,50
2016-10-21 04:01:00 PM,114
2016-10-21 12:19:00 PM,113
2016-10-21 11:06:00 AM,6
2016-10-21 08:38:00 AM,8
2016-10-21 05:55:00 AM,111
2016-10-21 03:01:00 AM,100
2016-10-20 10:35:00 PM,172
2016-10-20 07:21:00 PM,50
2016-10-20 04:21:00 PM,137
2016-10-20 01:41:00 PM,64
2016-10-20 11:51:00 AM,50
2016-10-20 09:01:00 AM,35
2016-10-20 05:37:00 AM,121
2016-10-20 03:36:00 AM,34
2016-10-19 11:51:00 PM,145
2016-10-19 08:46:00 PM,133
2016-10-19 06:57:00 PM,47
2016-10-19 04:31:00 PM,45
2016-10-19 12:31:00 PM,15
2016-10-19 09:09:00 AM,121
2016-10-19 06:06:00 AM,111
2016-10-19 03:37:00 AM,91
2016-10-19 01:20:00 AM,40
2016-10-19 12:40:00 AM,32
2016-10-18 09:20:00 PM,92
2016-10-18 06:18:00 PM,102
2016-10-18 06:00:00 PM,13
2016-10-18 04:00:00 PM,10
2016-10-18 03:36:00 PM,53
2016-10-18 12:04:00 PM,111
2016-10-18 09:12:00 AM,93
2016-10-18 07:04:00 AM,45
2016-10-18 03:51:00 AM,93
2016-10-18 01:09:00 AM,95
2016-10-17 10:40:00 PM,75
2016-10-17 10:16:00 PM,9
2016-10-17 07:51:00 PM,60
2016-10-17 06:01:00 PM,45
2016-10-17 01:52:00 PM,25
2016-10-17 11:51:00 AM,35
2016-10-17 11:05:00 AM,20
2016-10-17 08:36:00 AM,44
2016-10-17 04:42:00 AM,160
2016-10-17 12:07:00 AM,74
2016-10-16 09:20:00 PM,32
2016-10-16 06:16:00 PM,82
2016-10-16 05:38:00 PM,23
2016-10-16 02:43:00 PM,105
2016-10-16 12:51:00 PM,24
2016-10-16 11:07:00 AM,1
2016-10-16 09:33:00 AM,90
2016-10-16 07:25:00 AM,50
2016-10-16 04:56:00 AM,85
2016-10-16 02:10:00 AM,111
2016-10-16 12:20:00 AM,55
2016-10-15 07:41:00 PM,69
2016-10-15 04:40:00 PM,50
2016-10-15 01:48:00 PM,87
2016-10-15 01:21:00 PM,12
2016-10-15 10:37:00 AM,78
2016-10-15 06:25:00 AM,185
2016-10-15 04:00:00 AM,81
2016-10-15 03:06:00 AM,10
2016-10-15 12:50:00 AM,102
2016-10-14 10:07:00 PM,94
2016-10-14 07:56:00 PM,42
2016-10-14 05:22:00 PM,84
2016-10-14 03:27:00 PM,37
2016-10-14 02:16:00 PM,50
2016-10-14 12:11:00 PM,60
2016-10-14 09:14:00 AM,70
2016-10-14 06:51:00 AM,56
2016-10-14 03:35:00 AM,110
2016-10-14 12:30:00 AM,132
2016-10-14 12:20:00 AM,1
2016-10-13 08:32:00 PM,12
2016-10-13 06:21:00 PM,50
2016-10-13 05:32:00 PM,10
2016-10-13 04:07:00 PM,32
2016-10-13 01:15:00 PM,95
2016-10-13 10:02:00 AM,112
2016-10-13 06:29:00 AM,140
2016-10-13 05:33:00 AM,8
2016-10-13 02:20:00 AM,150
2016-10-13 12:30:00 AM,66
2016-10-12 09:41:00 PM,80
2016-10-12 09:00:00 PM,20
2016-10-12 06:00:00 PM,45
2016-10-12 02:43:00 PM,121
2016-10-12 01:02:00 PM,19
2016-10-12 09:33:00 AM,103
2016-10-12 06:47:00 AM,90
2016-10-12 04:24:00 AM,82
2016-10-12 12:32:00 AM,132
2016-10-11 11:16:00 PM,39
2016-10-11 08:51:00 PM,40
2016-10-11 06:26:00 PM,23
2016-10-11 02:20:00 PM,106
2016-10-11 10:48:00 AM,133
2016-10-11 07:29:00 AM,132
2016-10-11 01:46:00 AM,275
2016-10-10 08:56:00 PM,40
2016-10-10 07:08:00 PM,33
2016-10-10 04:33:00 PM,60
2016-10-10 01:25:00 PM,124
2016-10-10 10:17:00 AM,109
2016-10-10 09:00:00 AM,40
2016-10-10 05:11:00 AM,110
2016-10-10 04:00:00 AM,45
2016-10-09 11:57:00 PM,26
2016-10-09 10:15:00 PM,30
2016-10-09 08:42:00 PM,28
2016-10-09 05:29:00 PM,104
2016-10-09 03:55:00 PM,21
2016-10-09 01:59:00 PM,9
2016-10-09 10:53:00 AM,110
2016-10-09 09:05:00 AM,35
2016-10-09 06:41:00 AM,45
2016-10-09 04:37:00 AM,76
2016-10-09 02:07:00 AM,62
2016-10-08 11:53:00 PM,74
2016-10-08 08:16:00 PM,165
2016-10-08 06:31:00 PM,39
2016-10-08 03:28:00 PM,82
2016-10-08 01:29:00 PM,30
2016-10-08 10:39:00 AM,89
2016-10-08 06:55:00 AM,152
2016-10-08 04:33:00 AM,50
2016-10-08 03:29:00 AM,9
2016-10-08 12:25:00 AM,151
2016-10-07 03:30:00 PM,46
2016-10-07 12:46:00 PM,80
2016-10-07 10:11:00 AM,72
2016-10-07 05:59:00 AM,161
2016-10-07 02:46:00 AM,139
2016-10-07 12:04:00 AM,71
2016-10-06 11:48:00 PM,10
2016-10-06 10:27:00 PM,45
2016-10-06 08:52:00 PM,38
2016-10-06 05:06:00 PM,39
2016-10-06 04:05:00 PM,25
2016-10-06 01:35:00 PM,14
2016-10-06 10:14:00 AM,98
2016-10-06 07:09:00 AM,136
2016-10-06 01:33:00 AM,193
2016-10-05 11:40:00 PM,33
2016-10-05 06:16:00 PM,199
2016-10-05 04:34:00 PM,33
2016-10-05 02:14:00 PM,51
2016-10-05 12:12:00 PM,64
2016-10-05 10:18:00 AM,51
2016-10-05 06:21:00 AM,174
2016-10-05 12:06:00 AM,296
2016-10-04 10:21:00 PM,25
2016-10-04 07:16:00 PM,88
2016-10-04 06:02:00 PM,19
2016-10-04 03:32:00 PM,7
2016-10-04 12:39:00 PM,93
2016-10-04 09:12:00 AM,125
2016-10-04 05:15:00 AM,173
2016-10-04 01:48:00 AM,150
2016-10-03 09:51:00 PM,30
2016-10-03 06:33:00 PM,103
2016-10-03 03:24:00 PM,82
2016-10-03 01:09:00 PM,20
2016-10-03 10:41:00 AM,24
2016-10-03 06:24:00 AM,177
2016-10-03 12:36:00 AM,225
2016-10-02 11:24:00 PM,5
2016-10-02 08:00:00 PM,30
2016-10-02 07:23:00 PM,3
2016-10-02 05:38:00 PM,23
2016-10-02 11:33:00 AM,163
2016-10-02 03:01:00 AM,300
2016-10-01 07:44:00 PM,129
2016-10-01 05:18:00 PM,46
2016-10-01 02:37:00 PM,36
2016-10-01 10:30:00 AM,174
2016-10-01 09:00:00 AM,41
2016-10-01 06:59:00 AM,107
2016-10-01 01:06:00 AM,224
2016-10-01 12:14:00 AM,5
2016-09-30 11:47:00 PM,9
2016-09-30 08:33:00 PM,19
2016-09-30 04:10:00 PM,131
2016-09-30 12:28:00 PM,133
2016-09-30 09:27:00 AM,80
2016-09-30 04:45:00 AM,230
2016-09-29 10:25:00 PM,184
2016-09-29 09:06:00 PM,34
2016-09-29 05:30:00 PM,15
2016-09-29 11:59:00 AM,207
2016-09-29 11:05:00 AM,9
2016-09-29 09:01:00 AM,20
2016-09-29 05:58:00 AM,90
2016-09-29 03:04:00 AM,112
2016-09-28 10:06:00 PM,213
2016-09-28 04:01:00 PM,245
2016-09-28 01:31:00 PM,69
2016-09-28 11:45:00 AM,30
2016-09-28 05:56:00 AM,124
2016-09-28 04:04:00 AM,75
2016-09-28 12:42:00 AM,140
2016-09-27 08:03:00 PM,68
2016-09-27 06:22:00 PM,28
2016-09-27 03:19:00 PM,23
2016-09-27 02:28:00 PM,21
2016-09-27 11:19:00 AM,114
2016-09-27 08:10:00 AM,114
2016-09-27 04:39:00 AM,127
2016-09-26 09:21:00 PM,270
2016-09-26 08:43:00 PM,11
2016-09-26 01:40:00 PM,45
2016-09-26 11:21:00 AM,40
2016-09-26 07:19:00 AM,148
2016-09-26 04:53:00 AM,101
2016-09-26 03:16:00 AM,45
2016-09-25 05:09:00 PM,113
2016-09-25 04:52:00 PM,7
2016-09-25 03:07:00 PM,51
2016-09-25 10:01:00 AM,135
2016-09-25 08:34:00 AM,15
2016-09-25 05:16:00 AM,61
2016-09-25 03:15:00 AM,77
2016-09-24 10:03:00 PM,12
2016-09-24 09:37:00 PM,3
2016-09-24 06:00:00 PM,165
2016-09-24 04:00:00 PM,47
2016-09-24 03:01:00 PM,15
2016-09-24 02:41:00 PM,7
2016-09-24 12:26:00 PM,39
2016-09-24 11:58:00 AM,4
2016-09-24 11:25:00 AM,23
2016-09-24 05:01:00 AM,130
2016-09-24 03:43:00 AM,41
2016-09-23 11:51:00 PM,180
2016-09-23 07:24:00 PM,131
2016-09-23 05:19:00 PM,104
2016-09-23 11:11:00 AM,31
2016-09-23 10:25:00 AM,29
2016-09-23 05:58:00 AM,104
2016-09-23 04:01:00 AM,90
2016-09-22 08:49:00 PM,290
2016-09-22 07:32:00 PM,11
2016-09-22 04:38:00 PM,6
2016-09-22 02:24:00 PM,9
2016-09-22 12:57:00 PM,4
2016-09-22 11:23:00 AM,50
2016-09-22 10:50:00 AM,30
2016-09-22 07:58:00 AM,13
2016-09-22 03:06:00 AM,206
2016-09-21 10:06:00 PM,40
2016-09-21 10:01:00 PM,47
2016-09-21 04:57:00 PM,158
2016-09-21 01:25:00 PM,3
2016-09-21 12:24:00 PM,18
2016-09-21 12:31:00 AM,151
